StartDate,EndDate,Status,IPAddress,Progress,Duration (in seconds),Finished,RecordedDate,ResponseId,RecipientLastName,RecipientFirstName,RecipientEmail,ExternalReference,LocationLatitude,LocationLongitude,DistributionChannel,UserLanguage,Bot 1,Bot 2,A1,A2,A3,A4,B1,B2,B3,B4,C1,C2,C3,C4,D1,D2,D3,D4,A Check 1,E1,E2,E3,E4,F1,F2,F3,F4,A Check 2,G1,G2,G3,G4,I1,I2,I3,I4,Q94,Q98,Q100
Start Date,End Date,Response Type,IP Address,Progress,Duration (in seconds),Finished,Recorded Date,Response ID,Recipient Last Name,Recipient First Name,Recipient Email,External Data Reference,Location Latitude,Location Longitude,Distribution Channel,User Language,Monday is the first day of the week. What is the third day of the week?,January is the first month of the year. What is the fifth month of the year?,"When he turned on his computer, Al had an intention to do that right then.","When he made his computer crash, Al had an intention to do that right then.",Al intentionally turned on his computer.,Al intentionally made his computer crash.,"When she slammed on her brakes, Beth had an intention to do that right then.","When she made her lunch fall onto the floor, Beth had an intention to that right then.",Beth intentionally made her lunch fall onto the floor.,Beth intentionally slammed on her brakes.,"When he pressed the orange button, Carlos had an intention to produce the brain wave he produced right then.","When he pressed the orange button, Carlos had an intention to do that right then.",Carlos intentionally pressed the orange button.,Carlos intentionally produced the brain wave he produced.,"When Debby pressed the Z key, she had an intention to do that right then.","When Debby pressed the Z key, she had an intention to produce the brain wave she produced right then.",Debby intentionally produced the brain wave she produced.,Debby intentionally pressed the Z key.,"Please select ""somewhat agree"" from the answer choices below.","When he frightened the burglar, Ezra had an intention to do that right then.","When he flipped the switch, Ezra had an intention to do that right then.",Ezra intentionally frightened the burglar.,Ezra intentionally flipped the switch.,"When she released a lot of exhaust fumes, Filomena had an intention to do that right then.","When she pressed down on her gas pedal, Filomena had an intention to do that right then.",Filomena intentionally released a lot of exhaust fumes.,Filomena intentionally pressed down on her gas pedal.,"Please select ""somewhat agree"" from the answer choices below.","When he drove over the plastic bag, Greg had an intention to do that right then.","When he used his turn signal, Greg had an intention to do that right then.",Greg intentionally drove over the plastic bag.,Greg intentionally used his turn signal.,Ivan had an intention to shout at the skateboarder.,Ivan had an intention to upset the professor.,Ivan intentionally shouted at the skateboarder.,Ivan intentionally upset the professor.,What is your gender?,What is your age?,What is your race/ethnicity?
"{""ImportId"":""startDate"",""timeZone"":""America/New_York""}","{""ImportId"":""endDate"",""timeZone"":""America/New_York""}","{""ImportId"":""status""}","{""ImportId"":""ipAddress""}","{""ImportId"":""progress""}","{""ImportId"":""duration""}","{""ImportId"":""finished""}","{""ImportId"":""recordedDate"",""timeZone"":""America/New_York""}","{""ImportId"":""_recordId""}","{""ImportId"":""recipientLastName""}","{""ImportId"":""recipientFirstName""}","{""ImportId"":""recipientEmail""}","{""ImportId"":""externalDataReference""}","{""ImportId"":""locationLatitude""}","{""ImportId"":""locationLongitude""}","{""ImportId"":""distributionChannel""}","{""ImportId"":""userLanguage""}","{""ImportId"":""QID59""}","{""ImportId"":""QID60""}","{""ImportId"":""QID6""}","{""ImportId"":""QID7""}","{""ImportId"":""QID8""}","{""ImportId"":""QID9""}","{""ImportId"":""QID11""}","{""ImportId"":""QID12""}","{""ImportId"":""QID13""}","{""ImportId"":""QID14""}","{""ImportId"":""QID16""}","{""ImportId"":""QID17""}","{""ImportId"":""QID18""}","{""ImportId"":""QID19""}","{""ImportId"":""QID21""}","{""ImportId"":""QID22""}","{""ImportId"":""QID23""}","{""ImportId"":""QID24""}","{""ImportId"":""QID25""}","{""ImportId"":""QID27""}","{""ImportId"":""QID28""}","{""ImportId"":""QID29""}","{""ImportId"":""QID30""}","{""ImportId"":""QID32""}","{""ImportId"":""QID33""}","{""ImportId"":""QID34""}","{""ImportId"":""QID35""}","{""ImportId"":""QID46""}","{""ImportId"":""QID37""}","{""ImportId"":""QID38""}","{""ImportId"":""QID39""}","{""ImportId"":""QID40""}","{""ImportId"":""QID42""}","{""ImportId"":""QID43""}","{""ImportId"":""QID44""}","{""ImportId"":""QID45""}","{""ImportId"":""QID48""}","{""ImportId"":""QID50""}","{""ImportId"":""QID51""}"
2020-02-03 13:08:56,2020-02-03 13:09:41,0,2.56.32.222,100,45,1,2020-02-03 13:09:41,R_3Mo2YYLKTMs2QHd,,,,,47.6092071533203125,-122.3314056396484375,anonymous,EN,4,,,,,,,,,,,,,,,,,,,,,,,,,,,,,,,,,,,,,,
2020-02-03 13:08:12,2020-02-03 13:10:01,0,68.207.246.47,100,109,1,2020-02-03 13:10:02,R_2QyVdGXnzrCqXRG,,,,,27.8170928955078125,-82.626800537109375,anonymous,EN,2,4,2,2,2,2,2,2,2,2,3,3,3,3,2,2,2,2,3,2,2,2,2,2,2,2,2,3,3,3,3,3,6,4,4,4,2,37,3
2020-02-03 13:07:57,2020-02-03 13:11:15,0,73.124.103.214,100,197,1,2020-02-03 13:11:16,R_3RwnWfdVV9ySfEe,,,,,25.99200439453125,-80.27020263671875,anonymous,EN,2,4,2,6,2,6,2,5,6,3,4,2,2,4,2,4,4,2,3,6,3,6,2,6,2,6,2,3,4,2,4,2,2,6,2,6,1,29,3
2020-02-03 13:08:45,2020-02-03 13:11:26,0,73.91.206.91,100,160,1,2020-02-03 13:11:26,R_2WUaxhsDRdlxsR9,,,,,35.251800537109375,-90.02469635009765625,anonymous,EN,2,4,7,4,5,6,5,5,6,7,4,5,5,6,5,5,7,6,3,7,5,6,5,7,5,6,4,3,7,6,4,5,6,6,5,4,1,29,1
2020-02-03 13:08:39,2020-02-03 13:11:26,0,167.177.39.8,100,167,1,2020-02-03 13:11:27,R_DjDnwqULHoUFBL3,,,,,44.9398956298828125,-93.25479888916015625,anonymous,EN,2,4,1,7,1,7,1,7,7,1,2,2,2,7,1,7,7,1,3,7,1,7,1,7,1,7,1,3,7,1,7,1,1,6,1,7,2,33,3
2020-02-03 13:09:14,2020-02-03 13:11:48,0,72.241.62.50,100,154,1,2020-02-03 13:11:48,R_1hR0v6VlB6ZZSjz,,,,,41.579803466796875,-83.6660003662109375,anonymous,EN,2,4,7,7,1,7,1,6,6,1,2,2,2,1,2,2,5,5,3,6,1,7,1,6,6,6,6,3,3,2,3,2,2,3,3,6,1,28,3
2020-02-03 13:08:06,2020-02-03 13:11:58,0,72.185.190.207,100,231,1,2020-02-03 13:11:58,R_2cq5ObukkScRcfG,,,,,28.2136993408203125,-82.68090057373046875,anonymous,EN,2,4,1,7,1,7,1,7,7,1,4,1,1,4,4,4,7,1,3,7,1,7,1,7,1,7,1,3,7,1,4,1,1,7,1,7,1,46,3
2020-02-03 13:08:05,2020-02-03 13:12:00,0,107.192.90.207,100,235,1,2020-02-03 13:12:01,R_3PBtiLlFgp8nmFn,,,,,41.6717987060546875,-86.21360015869140625,anonymous,EN,2,4,1,7,1,7,2,6,6,1,7,1,1,6,1,1,1,1,3,7,1,7,1,7,1,7,1,3,1,1,1,1,1,1,1,1,5,20,3
2020-02-03 13:08:49,2020-02-03 13:12:10,0,108.254.224.255,100,201,1,2020-02-03 13:12:11,R_ezgvzUzVnTUb8Z3,,,,,34.632293701171875,-89.885498046875,anonymous,EN,2,4,2,6,2,6,2,6,6,2,6,2,2,6,2,6,6,2,3,6,2,6,2,6,2,6,2,3,6,2,6,2,2,6,2,6,2,29,3
2020-02-03 13:08:44,2020-02-03 13:12:10,0,72.201.103.168,100,206,1,2020-02-03 13:12:11,R_21n5Q8qikSoVIBx,,,,,33.5037994384765625,-112.025299072265625,anonymous,EN,2,4,1,7,1,7,1,7,7,1,7,1,1,7,1,7,7,1,3,7,1,7,1,7,1,7,1,3,1,1,1,1,1,7,1,6,1,27,3
2020-02-03 13:08:56,2020-02-03 13:12:12,0,138.219.172.15,100,196,1,2020-02-03 13:12:13,R_7OGviIeXlLewGoV,,,,,37.4792022705078125,-121.164398193359375,anonymous,EN,2,4,5,4,5,4,5,5,4,4,5,5,4,4,4,5,5,4,3,4,4,5,5,5,5,4,4,3,5,4,4,5,4,5,4,5,1,36,3
2020-02-03 13:09:01,2020-02-03 13:12:18,0,97.124.154.61,100,196,1,2020-02-03 13:12:19,R_vl6qqSFIrfVqQJr,,,,,33.312103271484375,-111.82129669189453125,anonymous,EN,2,4,4,4,5,3,3,5,5,4,6,3,4,5,4,4,5,3,3,5,3,6,4,5,4,4,2,3,5,3,4,3,4,3,5,3,1,27,3
2020-02-03 13:09:49,2020-02-03 13:12:19,0,2.56.32.222,100,149,1,2020-02-03 13:12:19,R_2v0Q6H7Izt5MnCL,,,,,47.6092071533203125,-122.3314056396484375,anonymous,EN,2,4,6,2,3,4,3,4,5,2,3,5,4,7,5,3,5,4,3,3,4,5,2,2,4,5,4,3,3,4,5,4,5,4,3,5,1,30,3
2020-02-03 13:07:54,2020-02-03 13:12:39,0,71.171.113.227,100,285,1,2020-02-03 13:12:39,R_1mdY6AxEcBZGcxk,,,,,38.3365020751953125,-77.4365997314453125,anonymous,EN,2,4,2,6,2,6,2,6,6,2,6,2,2,6,2,6,6,2,3,6,2,6,2,6,2,6,2,5,6,2,6,2,2,6,2,6,2,39,3
2020-02-03 13:08:40,2020-02-03 13:12:54,0,98.202.48.173,100,254,1,2020-02-03 13:12:54,R_2v1ibDqDMcMZ0Hc,,,,,40.583404541015625,-111.74669647216796875,anonymous,EN,2,4,1,7,1,7,1,7,7,1,7,1,1,7,1,7,7,1,3,7,1,7,1,7,1,7,1,3,5,1,5,1,1,7,1,7,2,39,3
2020-02-03 13:08:17,2020-02-03 13:12:55,0,174.254.131.124,100,277,1,2020-02-03 13:12:55,R_u8txEA8OejOITjr,,,,,34.0543975830078125,-118.2440032958984375,anonymous,EN,2,4,2,1,2,6,1,2,6,2,2,1,2,2,3,2,2,1,3,1,2,3,2,2,2,6,3,3,2,3,4,2,2,4,2,4,1,33,3
2020-02-03 13:08:29,2020-02-03 13:13:00,0,166.216.159.24,100,270,1,2020-02-03 13:13:01,R_ZysbYWzS3Yjh26d,,,,,42.4651947021484375,-83.37129974365234375,anonymous,EN,2,4,1,7,1,7,1,6,6,1,6,1,1,6,1,5,6,1,3,6,1,6,1,7,1,7,1,3,2,4,1,4,1,7,1,7,2,30,3
2020-02-03 13:08:15,2020-02-03 13:13:01,0,96.242.39.251,100,286,1,2020-02-03 13:13:02,R_ZyqysIHm9VyBV61,,,,,40.81500244140625,-74.3654022216796875,anonymous,EN,2,4,2,6,2,6,2,6,6,2,6,2,2,6,3,6,6,2,3,6,6,6,2,6,2,6,2,3,2,2,2,2,2,6,2,6,1,66,3
2020-02-03 13:08:33,2020-02-03 13:13:07,0,69.59.72.252,100,274,1,2020-02-03 13:13:08,R_1mLCLy4jNcrMd6Y,,,,,37.34759521484375,-119.6448974609375,anonymous,EN,2,4,2,6,2,6,2,6,6,2,5,2,3,5,2,5,5,2,3,6,2,6,2,6,2,6,2,3,3,2,2,2,2,6,2,6,2,64,3
2020-02-03 13:08:08,2020-02-03 13:13:09,0,100.14.119.156,100,300,1,2020-02-03 13:13:09,R_2BeRSruBov6Zohp,,,,,39.94439697265625,-75.58750152587890625,anonymous,EN,2,4,7,7,1,7,2,7,7,2,7,1,1,7,1,7,7,1,3,7,1,7,1,7,1,7,1,3,5,2,5,3,4,7,2,7,2,66,3
2020-02-03 13:09:26,2020-02-03 13:13:12,0,71.62.31.152,100,225,1,2020-02-03 13:13:12,R_2vc77XznFBx96Xq,,,,,38.1551055908203125,-79.06079864501953125,anonymous,EN,2,4,2,6,2,6,3,6,6,3,6,2,2,6,2,6,6,2,3,6,2,6,2,6,2,6,2,3,5,3,5,3,4,6,3,6,1,34,3
2020-02-03 13:08:30,2020-02-03 13:13:14,0,192.82.46.74,100,284,1,2020-02-03 13:13:14,R_RFdrr94nmhX6HL3,,,,,42.8621063232421875,-84.91609954833984375,anonymous,EN,2,4,1,7,1,7,1,7,7,1,7,2,2,7,1,7,7,1,3,7,1,7,1,7,2,7,1,3,7,1,7,1,1,7,1,6,1,32,3
2020-02-03 13:09:05,2020-02-03 13:13:28,0,68.204.203.77,100,262,1,2020-02-03 13:13:28,R_3fHLOTYMf8Ug1aZ,,,,,28.52740478515625,-81.6011962890625,anonymous,EN,2,4,3,3,1,7,3,6,7,1,3,2,3,3,3,3,2,2,3,1,3,7,1,6,3,6,7,3,6,1,7,3,3,7,3,7,1,41,2
2020-02-03 13:10:12,2020-02-03 13:13:39,0,73.255.138.151,100,206,1,2020-02-03 13:13:39,R_3lWeaCBf8MEYEQB,,,,,27.2635955810546875,-82.51709747314453125,anonymous,EN,2,4,2,6,2,6,2,6,6,2,3,2,2,3,2,3,3,2,3,6,2,6,2,6,2,6,2,3,2,2,2,2,2,6,2,6,1,25,3
2020-02-03 13:08:41,2020-02-03 13:13:45,0,12.148.227.250,100,303,1,2020-02-03 13:13:45,R_1dhp2zhupFAr6qS,,,,,42.73480224609375,-84.6244964599609375,anonymous,EN,2,4,1,7,1,7,1,6,5,1,6,1,1,4,1,5,6,1,3,7,1,7,1,7,7,7,1,3,1,3,1,3,1,7,1,7,1,21,2
2020-02-03 13:08:15,2020-02-03 13:14:02,0,172.58.143.76,100,347,1,2020-02-03 13:14:03,R_3Gv70Mg2nIG043d,,,,,41.850006103515625,-87.71649932861328125,anonymous,EN,2,4,1,7,1,7,1,7,7,1,7,2,1,7,2,3,7,1,3,7,1,7,1,5,1,7,1,3,3,3,3,3,1,7,1,6,2,32,6
2020-02-03 13:09:14,2020-02-03 13:14:08,0,68.251.38.141,100,293,1,2020-02-03 13:14:08,R_prV50gpDtX6DOh3,,,,,27.6410980224609375,-80.47820281982421875,anonymous,EN,2,4,1,7,1,7,1,7,7,1,6,2,1,5,1,6,5,1,3,7,1,7,1,7,2,7,2,3,6,2,6,2,4,6,1,6,1,36,3
2020-02-03 13:12:35,2020-02-03 13:14:09,0,64.130.181.82,100,93,1,2020-02-03 13:14:09,R_3oAXcx9PDIcleDA,,,,,36.9904022216796875,-85.92389678955078125,anonymous,EN,2,4,5,5,5,5,4,4,5,5,3,5,5,5,3,3,3,3,3,4,4,5,5,3,5,3,3,3,4,3,4,3,5,3,5,5,1,29,3
2020-02-03 13:12:37,2020-02-03 13:14:13,0,194.59.251.167,100,95,1,2020-02-03 13:14:14,R_1j6RMbIP44jRohZ,,,,,40.78759765625,-74.05999755859375,anonymous,EN,2,4,2,2,3,3,2,3,2,2,2,3,3,2,2,3,3,3,3,3,2,2,2,3,3,2,2,3,2,3,3,3,2,3,3,2,2,32,3
2020-02-03 13:08:30,2020-02-03 13:14:37,0,68.116.151.214,100,367,1,2020-02-03 13:14:38,R_1i4NLLG5J0ygXJG,,,,,32.750701904296875,-97.209503173828125,anonymous,EN,2,4,1,7,1,7,2,7,7,2,7,2,2,7,2,6,6,2,3,7,2,7,2,7,1,7,1,3,3,3,3,2,3,7,2,7,1,39,3
2020-02-03 13:11:26,2020-02-03 13:14:48,0,68.228.39.197,100,202,1,2020-02-03 13:14:48,R_25ACK3Y38OE8E4a,,,,,32.2129974365234375,-110.82790374755859375,anonymous,EN,2,4,1,7,1,7,1,6,7,1,6,2,2,6,1,7,7,1,3,6,2,6,2,7,1,7,1,3,6,5,6,5,2,7,2,7,1,30,3
2020-02-03 13:08:10,2020-02-03 13:15:00,0,72.131.112.16,100,409,1,2020-02-03 13:15:00,R_1IhebV2OILkKbP7,,,,,42.689605712890625,-88.03900146484375,anonymous,EN,2,4,2,7,2,7,3,6,7,3,6,2,2,6,2,6,6,2,3,6,2,6,2,6,2,7,2,3,6,2,6,2,2,6,2,6,2,48,3
2020-02-03 13:09:09,2020-02-03 13:15:13,0,70.92.101.12,100,364,1,2020-02-03 13:15:14,R_3FWidAM5hGh73Gv,,,,,37.8249969482421875,-87.56549835205078125,anonymous,EN,2,4,1,7,1,7,1,7,7,1,7,1,1,7,1,7,7,1,3,7,1,7,1,7,1,7,1,3,5,1,5,3,1,7,1,7,1,38,3
2020-02-03 13:08:30,2020-02-03 13:15:29,0,24.127.94.39,100,418,1,2020-02-03 13:15:30,R_cCn6YPt7gb8uUN3,,,,,42.645599365234375,-83.35630035400390625,anonymous,EN,2,4,1,7,1,7,6,6,6,1,6,2,2,6,2,6,5,2,3,7,1,7,1,5,1,5,1,3,5,2,3,2,1,6,1,6,1,52,3
2020-02-03 13:11:08,2020-02-03 13:15:33,0,99.203.144.52,100,264,1,2020-02-03 13:15:33,R_9ssvNCZbu9YAmn7,,,,,39.2151031494140625,-76.753997802734375,anonymous,EN,2,4,3,4,4,4,3,3,1,5,4,2,5,5,4,4,4,6,3,4,3,3,4,5,1,6,1,3,4,4,4,4,2,4,4,3,1,23,3
2020-02-03 13:12:55,2020-02-03 13:15:46,0,173.191.238.102,100,170,1,2020-02-03 13:15:46,R_21hd8fRRW1771XE,,,,,32.5937957763671875,-83.641998291015625,anonymous,EN,2,4,3,7,2,6,1,7,7,1,4,2,4,5,2,3,5,1,3,7,3,2,2,6,1,1,1,3,3,1,1,1,1,7,2,6,1,25,1
2020-02-03 13:14:25,2020-02-03 13:15:48,0,194.59.251.167,100,82,1,2020-02-03 13:15:48,R_ZwADpHxYtMPMMMx,,,,,40.78759765625,-74.05999755859375,anonymous,EN,2,4,2,3,2,4,2,2,3,2,2,2,3,4,3,3,2,3,3,3,3,2,2,2,3,2,2,3,3,3,2,2,2,2,2,3,2,32,3
2020-02-03 13:13:15,2020-02-03 13:16:19,0,108.245.152.51,100,183,1,2020-02-03 13:16:19,R_2aRJchZOXn070u5,,,,,37.8065032958984375,-85.459197998046875,anonymous,EN,2,4,1,7,1,7,1,7,7,1,7,1,1,7,1,5,5,1,3,7,1,7,1,7,1,7,1,3,1,1,1,1,1,7,1,7,2,25,3
2020-02-03 13:12:41,2020-02-03 13:16:29,0,66.177.64.130,100,228,1,2020-02-03 13:16:30,R_vNvkgwnw0WUQ2QN,,,,,30.3668060302734375,-81.58730316162109375,anonymous,EN,2,4,1,7,1,7,1,7,7,1,6,1,1,6,1,6,7,1,3,7,1,7,1,7,1,7,1,3,2,1,2,1,1,7,1,6,2,56,3
2020-02-03 13:10:19,2020-02-03 13:16:30,0,73.189.183.209,100,370,1,2020-02-03 13:16:30,R_A7ohHmVmiZ8MWf7,,,,,37.3177032470703125,-121.9380035400390625,anonymous,EN,2,4,1,7,1,2,1,7,7,1,7,2,1,7,1,7,7,1,3,7,1,7,1,7,1,7,1,3,6,1,7,1,1,7,1,7,1,36,6
2020-02-03 13:08:55,2020-02-03 13:16:51,0,104.49.246.220,100,475,1,2020-02-03 13:16:51,R_3EEgwPCErqt9LhM,,,,,38.220001220703125,-85.6941986083984375,anonymous,EN,2,4,1,7,1,7,7,7,7,7,7,1,1,7,1,7,7,1,3,7,1,7,1,7,1,7,1,3,1,6,1,6,1,7,1,7,1,25,3
2020-02-03 13:08:21,2020-02-03 13:16:52,0,108.176.236.31,100,511,1,2020-02-03 13:16:53,R_1f7tnyKVS2AWNUi,,,,,44.096893310546875,-70.18630218505859375,anonymous,EN,2,4,1,7,1,7,1,7,7,1,7,1,1,7,1,7,7,1,3,7,1,7,1,7,1,7,1,3,7,3,6,3,1,7,1,7,2,48,3
2020-02-03 13:12:58,2020-02-03 13:16:56,0,181.177.84.128,100,238,1,2020-02-03 13:16:56,R_2flgNAMjhB8Xo1f,,,,,40.7064056396484375,-73.94730377197265625,anonymous,EN,2,4,3,2,3,1,3,1,3,2,1,3,4,2,1,1,2,2,3,3,1,4,2,3,4,2,3,3,3,2,1,3,3,3,2,1,2,49,3
2020-02-03 13:12:39,2020-02-03 13:16:58,0,12.237.78.3,100,259,1,2020-02-03 13:16:59,R_1pmzfaN8BYAyscB,,,,,41.1519012451171875,-73.50710296630859375,anonymous,EN,2,4,1,7,1,7,2,7,7,2,6,2,2,6,1,7,6,1,3,7,2,7,1,7,2,6,2,3,3,5,5,5,1,6,1,6,2,29,3
2020-02-03 13:08:52,2020-02-03 13:17:03,0,204.134.225.15,100,490,1,2020-02-03 13:17:04,R_1CCtqVWCkBAls6B,,,,,42.558197021484375,-114.4658966064453125,anonymous,EN,2,4,1,7,1,7,6,7,7,1,4,1,1,4,1,7,4,1,3,7,1,7,1,7,1,7,1,3,3,2,2,1,1,7,1,7,1,41,3
2020-02-03 13:08:40,2020-02-03 13:17:04,0,69.114.101.186,100,504,1,2020-02-03 13:17:04,R_cH0XQHKKD3Paqbv,,,,,40.831207275390625,-73.90670013427734375,anonymous,EN,2,4,1,6,1,6,3,6,7,3,7,2,2,3,3,7,6,2,3,7,1,7,1,7,1,7,1,3,6,2,6,2,5,7,2,7,2,24,5
2020-02-03 13:11:55,2020-02-03 13:17:10,0,75.191.242.86,100,315,1,2020-02-03 13:17:10,R_1LIqJDU5z6hy6IR,,,,,36.06170654296875,-79.8238983154296875,anonymous,EN,2,4,1,7,1,7,1,7,7,1,4,1,1,4,1,4,4,1,3,7,1,7,1,6,1,6,1,3,6,3,6,4,3,7,3,7,1,37,3
2020-02-03 13:12:42,2020-02-03 13:17:17,0,73.214.83.191,100,274,1,2020-02-03 13:17:17,R_3lQALO3qtBQezKQ,,,,,39.595306396484375,-79.9228973388671875,anonymous,EN,2,4,1,7,1,7,1,7,7,1,7,1,1,7,1,7,7,1,3,7,1,7,1,7,1,7,1,3,1,1,1,1,1,7,1,7,1,38,2
2020-02-03 13:12:12,2020-02-03 13:17:32,0,35.138.250.176,100,319,1,2020-02-03 13:17:32,R_wMdxiaNNi3qUCCB,,,,,28.24749755859375,-82.49430084228515625,anonymous,EN,2,4,1,7,1,7,1,7,7,1,7,1,1,7,1,7,7,1,3,7,1,7,1,7,1,7,1,3,1,3,1,3,1,7,1,7,1,29,3
2020-02-03 13:14:19,2020-02-03 13:17:34,0,98.159.196.54,100,194,1,2020-02-03 13:17:34,R_r7oXEv1CQsmSIzn,,,,,34.6179962158203125,-86.0561981201171875,anonymous,EN,2,4,3,4,5,6,1,4,1,1,2,1,3,3,6,5,4,2,3,5,6,7,7,1,2,2,2,3,3,5,2,4,7,3,6,1,2,32,3
2020-02-03 13:12:35,2020-02-03 13:17:37,0,65.182.250.72,100,302,1,2020-02-03 13:17:38,R_diiC0vUTYSD6TLP,,,,,45.25250244140625,-122.682403564453125,anonymous,EN,2,4,7,7,2,7,1,7,7,1,6,2,1,6,1,7,7,2,1,7,4,7,2,1,1,6,1,3,6,2,7,2,2,7,1,7,2,52,3
2020-02-03 13:13:03,2020-02-03 13:17:41,0,67.189.131.19,100,277,1,2020-02-03 13:17:41,R_vcVC0McwAzQnKDv,,,,,41.4098052978515625,-73.589996337890625,anonymous,EN,2,4,2,7,2,7,2,7,7,2,7,2,2,7,2,7,7,2,3,7,2,7,2,7,2,7,2,3,7,2,7,2,2,7,2,7,1,34,3
2020-02-03 13:13:39,2020-02-03 13:18:04,0,198.179.0.21,100,264,1,2020-02-03 13:18:04,R_1BWq7dt5hGB2m7T,,,,,38.9033966064453125,-76.98819732666015625,anonymous,EN,2,4,2,6,2,6,6,6,6,3,3,3,2,2,6,5,6,3,3,6,2,6,2,7,2,7,2,3,6,2,6,2,6,7,2,6,1,31,1
2020-02-03 13:14:45,2020-02-03 13:18:06,0,71.78.219.168,100,201,1,2020-02-03 13:18:07,R_e5xsF26zydTCwhP,,,,,37.751007080078125,-97.82199859619140625,anonymous,EN,2,4,2,2,4,7,6,4,5,4,6,5,4,3,3,3,3,2,3,2,5,6,4,6,5,3,6,3,1,4,1,2,3,5,6,7,1,40,3
2020-02-03 13:13:43,2020-02-03 13:18:14,0,74.194.122.201,100,271,1,2020-02-03 13:18:14,R_1QxVagfenEyTJdF,,,,,36.331207275390625,-92.37529754638671875,anonymous,EN,2,4,4,4,4,4,2,6,6,2,6,2,2,6,2,6,6,2,3,6,2,6,2,6,2,6,2,3,2,2,2,2,2,4,2,4,1,25,3
2020-02-03 13:09:23,2020-02-03 13:18:24,0,96.58.142.231,100,540,1,2020-02-03 13:18:24,R_3Jm9dlZyDOo9dr7,,,,,27.7888946533203125,-82.71920013427734375,anonymous,EN,2,4,1,7,1,7,1,7,7,1,1,1,3,1,1,4,7,1,3,7,1,7,1,7,7,7,1,3,7,1,7,1,1,7,1,7,1,33,3
2020-02-03 13:09:07,2020-02-03 13:18:37,0,67.87.175.137,100,569,1,2020-02-03 13:18:38,R_2X70qoxGvNjKoKl,,,,,40.6649932861328125,-73.952301025390625,anonymous,EN,2,4,2,6,2,6,5,6,6,3,5,3,3,5,3,5,5,3,3,6,3,6,2,6,3,5,2,3,3,3,2,2,5,6,3,6,1,30,2
2020-02-03 13:08:48,2020-02-03 13:18:50,0,24.246.160.119,100,601,1,2020-02-03 13:18:50,R_qCUdKqolIFof249,,,,,35.3596038818359375,-82.42659759521484375,anonymous,EN,2,4,1,7,1,7,1,7,7,1,6,1,1,6,1,6,6,1,3,7,1,7,1,7,1,7,1,3,2,3,2,4,2,7,2,7,1,58,3
2020-02-03 13:10:48,2020-02-03 13:19:19,0,209.159.202.223,100,510,1,2020-02-03 13:19:19,R_XMKg0PTk9wXWSyZ,,,,,44.1414947509765625,-103.2052001953125,anonymous,EN,2,4,1,7,1,7,1,7,7,1,7,1,1,7,1,7,7,1,3,7,1,7,1,7,1,7,1,3,3,1,3,1,1,7,1,7,2,39,3
2020-02-03 13:08:48,2020-02-03 13:19:20,0,24.162.109.249,100,631,1,2020-02-03 13:19:20,R_2DOcTP3sqqdPnuz,,,,,31.068206787109375,-97.391998291015625,anonymous,EN,2,4,1,7,1,7,1,7,7,1,7,1,1,1,1,7,6,1,3,7,1,7,1,7,1,6,1,3,3,1,3,1,1,7,1,7,1,24,3
2020-02-03 13:15:25,2020-02-03 13:19:23,0,73.61.11.243,100,237,1,2020-02-03 13:19:24,R_2aX1S6SXgxYCLw9,,,,,42.2904052734375,-71.071197509765625,anonymous,EN,2,4,1,5,1,6,2,5,5,1,3,2,2,4,3,4,4,3,3,5,2,6,1,6,2,5,2,3,4,1,3,2,2,7,1,7,1,26,3
2020-02-03 13:15:36,2020-02-03 13:19:30,0,68.104.81.28,100,234,1,2020-02-03 13:19:31,R_2z7H7v7U8Q4Vhan,,,,,36.2082061767578125,-115.2957000732421875,anonymous,EN,2,4,6,6,3,6,6,6,6,6,3,3,2,3,3,2,3,2,3,6,3,6,2,5,6,6,3,3,3,3,6,2,6,6,6,6,1,26,3
2020-02-03 13:16:47,2020-02-03 13:19:44,0,99.203.95.97,100,176,1,2020-02-03 13:19:44,R_0AqKwjxi7wPvF7z,,,,,25.7740936279296875,-80.18170166015625,anonymous,EN,2,4,1,7,1,7,2,7,7,2,4,1,1,4,1,2,3,1,3,7,1,7,1,4,3,4,1,3,4,1,4,1,2,7,2,7,2,36,2
2020-02-03 13:18:01,2020-02-03 13:20:04,0,98.220.230.70,100,122,1,2020-02-03 13:20:04,R_30kLgkIByonRZJ4,,,,,42.0487060546875,-87.8905029296875,anonymous,EN,2,4,1,7,1,7,1,7,7,1,7,1,1,7,1,7,7,1,3,7,1,7,1,7,1,7,1,3,7,1,7,1,1,7,1,7,1,25,3
2020-02-03 13:13:22,2020-02-03 13:20:43,0,69.147.248.23,100,441,1,2020-02-03 13:20:43,R_1exZM0ZQarv38aq,,,,,34.1251068115234375,-117.8556976318359375,anonymous,EN,2,4,2,5,2,5,3,4,5,3,5,3,3,4,4,3,3,5,3,4,5,3,4,5,5,2,4,3,5,4,3,3,5,5,5,2,1,28,5
2020-02-03 13:14:12,2020-02-03 13:20:50,0,71.81.87.92,100,397,1,2020-02-03 13:20:50,R_271k7oWzld5Q680,,,,,38.4073028564453125,-90.436798095703125,anonymous,EN,2,4,1,7,1,7,5,7,7,2,7,2,1,7,1,7,7,1,3,7,2,7,2,7,1,7,1,3,6,3,6,3,2,7,1,7,2,47,3
2020-02-03 13:14:57,2020-02-03 13:20:52,0,68.200.77.88,100,355,1,2020-02-03 13:20:53,R_6VCh6EsjJg5vJQd,,,,,28.0684051513671875,-82.75930023193359375,anonymous,EN,2,4,1,6,1,6,1,6,6,1,3,1,1,6,1,3,6,1,3,7,2,7,1,7,1,7,1,3,3,1,2,2,1,7,1,7,1,33,3
2020-02-03 13:16:10,2020-02-03 13:21:23,0,97.114.10.46,100,312,1,2020-02-03 13:21:24,R_1F9WyCuP84GIisk,,,,,35.3126068115234375,-91.5543975830078125,anonymous,EN,2,4,1,7,1,7,5,7,7,6,7,1,1,6,2,7,6,2,3,7,1,7,1,7,1,7,1,3,6,3,6,3,5,7,5,6,1,55,3
2020-02-03 13:16:08,2020-02-03 13:21:30,0,24.18.161.22,100,321,1,2020-02-03 13:21:30,R_29biVUXGiBpLOK5,,,,,47.5579071044921875,-122.163299560546875,anonymous,EN,2,4,1,7,1,7,1,6,7,1,6,2,1,6,2,6,6,2,3,6,2,7,1,6,2,7,2,3,7,2,7,2,4,7,2,7,2,63,3
2020-02-03 13:08:46,2020-02-03 13:21:39,0,104.131.188.187,100,772,1,2020-02-03 13:21:39,R_27D4dU6wjSpUpGK,,,,,40.836395263671875,-74.14029693603515625,anonymous,EN,2,4,2,6,2,6,6,6,7,5,6,6,6,6,6,6,6,6,3,6,6,6,6,6,6,6,6,3,2,2,2,2,6,7,6,6,2,29,1
2020-02-03 13:08:28,2020-02-03 13:21:39,0,72.191.41.53,100,791,1,2020-02-03 13:21:40,R_30l2rdlwV4WGggs,,,,,32.925994873046875,-96.9665985107421875,anonymous,EN,2,4,5,7,4,7,5,5,5,5,6,6,7,6,6,5,7,7,3,6,6,7,7,4,3,6,7,3,3,3,3,3,6,7,7,6,2,38,2
2020-02-03 13:15:42,2020-02-03 13:21:47,0,216.227.106.104,100,365,1,2020-02-03 13:21:47,R_1Olf2RZNN3B8r6c,,,,,46.9210052490234375,-122.5937957763671875,anonymous,EN,2,4,2,6,2,6,2,6,6,2,6,2,2,6,2,6,6,2,3,6,2,6,2,6,2,6,2,3,2,2,2,2,2,6,2,6,2,62,3
2020-02-03 13:18:09,2020-02-03 13:21:49,0,98.212.221.86,100,220,1,2020-02-03 13:21:49,R_2pYqGfNYEVoOwRl,,,,,41.3589935302734375,-89.4259033203125,anonymous,EN,2,4,1,7,1,7,3,7,5,1,3,2,2,3,1,3,1,1,3,5,1,7,1,6,6,7,1,3,2,1,2,1,1,7,1,7,1,31,3
2020-02-03 13:17:52,2020-02-03 13:21:59,0,73.48.80.170,100,246,1,2020-02-03 13:22:00,R_28TEhBYigPpQMEH,,,,,30.4907989501953125,-84.31580352783203125,anonymous,EN,2,4,1,7,1,7,1,7,7,1,7,1,1,7,1,7,7,1,3,7,1,7,1,7,1,7,1,3,7,1,7,1,1,7,1,7,1,37,3
2020-02-03 13:17:22,2020-02-03 13:22:00,0,76.167.227.177,100,278,1,2020-02-03 13:22:00,R_21mLmD5ENHsSH1n,,,,,32.7967071533203125,-117.1367034912109375,anonymous,EN,2,4,2,7,1,7,2,7,7,2,7,2,2,7,2,7,7,1,3,7,2,7,2,7,2,7,2,3,7,1,7,1,2,7,2,7,2,33,3
2020-02-03 13:18:35,2020-02-03 13:22:24,0,162.204.57.19,100,229,1,2020-02-03 13:22:24,R_2zMWgnk1yccyxG0,,,,,42.0807037353515625,-88.516998291015625,anonymous,EN,2,4,2,5,5,5,3,3,5,3,3,3,3,3,5,5,5,5,4,3,3,3,5,5,3,3,3,5,5,3,5,5,3,3,3,3,1,72,3
2020-02-03 13:15:04,2020-02-03 13:22:46,0,138.219.175.165,100,461,1,2020-02-03 13:22:46,R_2UfrDvjqYohGP1m,,,,,37.751007080078125,-97.82199859619140625,anonymous,EN,2,4,7,7,1,7,3,1,4,1,1,3,7,7,1,1,7,1,3,3,1,3,4,7,7,7,7,3,1,1,1,1,1,7,7,7,1,48,3
2020-02-03 13:10:43,2020-02-03 13:22:50,0,47.148.172.226,100,726,1,2020-02-03 13:22:50,R_9Y3kxXFOgDcWVah,,,,,34.0348968505859375,-117.618499755859375,anonymous,EN,2,4,2,6,2,6,2,5,6,2,5,2,2,5,2,6,6,2,3,6,2,6,2,6,2,6,2,3,5,6,5,6,2,7,2,7,1,29,3
2020-02-03 13:19:35,2020-02-03 13:23:08,0,24.4.136.251,100,213,1,2020-02-03 13:23:09,R_3dKr9nEZaJaAEkS,,,,,37.4405059814453125,-122.147796630859375,anonymous,EN,2,4,1,2,2,1,2,1,1,2,2,2,1,1,2,1,1,2,3,1,1,2,3,1,1,2,2,3,2,1,2,1,3,1,2,1,2,38,5
2020-02-03 13:10:11,2020-02-03 13:23:30,0,184.90.124.112,100,799,1,2020-02-03 13:23:30,R_26hzk5EcSQbzelj,,,,,28.57269287109375,-80.8206024169921875,anonymous,EN,2,4,1,7,1,7,1,7,7,1,3,2,2,3,2,3,3,1,3,7,2,7,1,7,1,7,1,3,6,2,6,1,2,7,1,7,1,36,3
2020-02-03 13:08:53,2020-02-03 13:23:32,0,64.183.42.236,100,879,1,2020-02-03 13:23:33,R_2afAsI9SgnpnRf3,,,,,34.076202392578125,-118.3029022216796875,anonymous,EN,2,4,1,7,1,7,4,7,7,2,7,2,2,7,5,7,7,2,3,5,1,7,1,5,1,6,1,3,5,1,5,2,2,7,2,6,2,40,5
2020-02-03 13:13:24,2020-02-03 13:24:03,0,107.185.127.204,100,639,1,2020-02-03 13:24:04,R_USbZwLA4yK1zkTn,,,,,33.967498779296875,-118.14640045166015625,anonymous,EN,2,4,1,7,1,7,1,7,7,1,4,1,1,4,2,2,2,1,3,6,1,7,1,7,2,7,1,3,7,1,7,1,1,6,1,7,1,28,5
2020-02-03 13:09:52,2020-02-03 13:24:18,0,192.243.109.118,100,865,1,2020-02-03 13:24:18,R_9mHhLdvxzYDDchH,,,,,36.1681976318359375,-115.2165985107421875,anonymous,EN,2,4,1,7,1,7,2,7,7,1,7,2,2,6,1,7,7,1,3,7,1,7,1,7,1,7,1,3,3,5,2,5,2,7,2,7,1,34,3
2020-02-03 13:21:07,2020-02-03 13:24:22,0,74.194.212.143,100,195,1,2020-02-03 13:24:23,R_1DZIARzqfQ5ae8S,,,,,35.0762939453125,-101.83489990234375,anonymous,EN,2,4,1,2,2,1,2,2,2,1,2,2,1,2,1,2,2,2,3,2,2,2,1,1,2,1,2,3,2,2,1,2,2,1,1,2,1,30,1
2020-02-03 13:08:08,2020-02-03 13:24:35,0,71.9.208.120,100,987,1,2020-02-03 13:24:36,R_2ZQEIiORN7hM6vo,,,,,36.549102783203125,-82.55840301513671875,anonymous,EN,2,4,1,7,1,7,2,7,7,1,4,1,1,4,1,4,2,1,3,7,7,7,1,6,1,6,1,3,1,1,1,2,1,7,1,7,1,39,3
2020-02-03 13:21:08,2020-02-03 13:24:45,0,131.93.146.161,100,216,1,2020-02-03 13:24:45,R_4YGBG9ynaS6zIKl,,,,,46.4604034423828125,-90.16159820556640625,anonymous,EN,2,4,2,6,2,6,2,6,6,2,6,2,2,2,2,6,2,2,3,6,2,6,2,6,2,6,2,3,2,2,6,6,2,6,2,6,1,25,3
2020-02-03 13:21:52,2020-02-03 13:24:57,0,68.8.163.160,100,185,1,2020-02-03 13:24:57,R_1dE8IuimEqPikXN,,,,,32.7637939453125,-117.06999969482421875,anonymous,EN,2,4,1,7,1,7,1,4,4,1,4,1,1,4,1,4,2,1,3,7,1,6,1,7,1,7,1,3,7,1,7,1,1,6,1,6,1,37,3
2020-02-03 13:22:12,2020-02-03 13:25:07,0,24.179.54.204,100,174,1,2020-02-03 13:25:07,R_1prj0sASfRy9Q7R,,,,,30.2790985107421875,-89.7678985595703125,anonymous,EN,2,4,1,7,1,7,1,7,7,1,7,1,1,7,4,4,7,1,3,7,1,7,1,4,1,7,1,3,7,1,7,1,1,4,1,7,1,35,3
2020-02-03 13:20:53,2020-02-03 13:25:09,0,71.182.225.191,100,256,1,2020-02-03 13:25:09,R_3egE3tD7LkSejzo,,,,,40.53790283203125,-79.964202880859375,anonymous,EN,2,4,2,6,2,6,2,6,6,2,5,2,2,5,2,5,5,2,3,6,2,6,2,6,2,6,2,3,2,2,2,2,2,6,2,6,1,56,3
2020-02-03 13:17:51,2020-02-03 13:25:38,0,142.196.238.141,100,466,1,2020-02-03 13:25:38,R_2dhdzh09uTZGYod,,,,,28.65289306640625,-81.210601806640625,anonymous,EN,2,4,1,7,1,7,1,7,7,2,7,1,1,7,2,7,7,1,3,7,1,7,1,7,1,7,1,3,2,4,2,4,2,7,1,7,1,46,1
2020-02-03 13:21:11,2020-02-03 13:25:41,0,73.104.189.13,100,269,1,2020-02-03 13:25:42,R_1oe5R2z5MA6VikN,,,,,30.0955047607421875,-81.7198028564453125,anonymous,EN,2,4,1,7,1,7,1,6,7,1,6,1,1,6,2,5,3,1,3,7,1,6,1,7,1,7,1,3,7,1,3,1,1,7,1,6,2,32,3
2020-02-03 13:14:23,2020-02-03 13:26:27,0,24.247.158.176,100,724,1,2020-02-03 13:26:27,R_2y4qjzmcYR1sesD,,,,,42.1916961669921875,-85.6322021484375,anonymous,EN,2,4,1,7,1,7,1,7,7,1,7,1,1,7,1,7,7,1,3,7,1,7,1,7,1,7,1,3,1,2,1,3,1,7,1,7,1,58,3
2020-02-03 13:08:30,2020-02-03 13:26:38,0,173.244.44.59,100,1087,1,2020-02-03 13:26:38,R_2P4GDuvfBHQo9Bo,,,,,47.6092071533203125,-122.3314056396484375,anonymous,EN,2,4,1,7,1,7,2,7,7,1,3,3,3,3,4,2,2,2,3,7,2,7,1,1,3,7,2,3,2,2,1,3,7,7,2,7,1,28,3
2020-02-03 13:17:10,2020-02-03 13:26:45,0,173.188.135.40,100,575,1,2020-02-03 13:26:46,R_WuOy1209GHeXAtP,,,,,35.059906005859375,-80.697601318359375,anonymous,EN,2,4,2,7,2,7,6,7,7,5,7,2,2,7,2,7,7,2,3,7,2,7,2,7,2,7,2,3,3,5,3,5,5,7,5,7,1,44,3
2020-02-03 13:22:58,2020-02-03 13:27:24,0,69.201.57.161,100,266,1,2020-02-03 13:27:25,R_1FgLviKhoneDJro,,,,,43.9770965576171875,-75.9093017578125,anonymous,EN,2,4,2,5,2,6,2,6,6,1,6,3,3,5,3,5,5,2,3,5,2,6,2,6,2,6,2,3,6,2,4,2,2,6,2,6,1,35,3
2020-02-03 13:24:23,2020-02-03 13:27:38,0,74.109.209.209,100,195,1,2020-02-03 13:27:39,R_1CgzjKCMnB8JSQw,,,,,40.4759979248046875,-79.73549652099609375,anonymous,EN,2,4,2,1,3,3,2,3,2,1,2,2,1,3,1,3,2,2,3,1,2,3,3,1,3,2,2,3,1,2,3,3,3,1,3,2,1,30,1
2020-02-03 13:24:46,2020-02-03 13:27:43,0,100.4.220.8,100,177,1,2020-02-03 13:27:43,R_1gHkIpPu8p3qXDO,,,,,42.7198028564453125,-73.82070159912109375,anonymous,EN,2,4,1,7,1,7,1,7,7,1,7,1,1,7,1,7,7,1,3,7,1,7,1,7,1,7,1,3,5,1,6,1,1,7,1,7,1,27,3
2020-02-03 13:22:43,2020-02-03 13:27:48,0,128.92.70.35,100,305,1,2020-02-03 13:27:49,R_1Nek9r9Tmdr1Jer,,,,,34.8950042724609375,-81.92040252685546875,anonymous,EN,2,4,1,7,1,7,1,7,7,1,7,1,1,7,1,7,7,1,3,7,1,7,1,7,1,7,1,3,3,1,3,1,1,7,1,7,1,32,3
2020-02-03 13:19:56,2020-02-03 13:27:51,0,70.181.181.177,100,475,1,2020-02-03 13:27:52,R_3PtuVepBAFPKuSA,,,,,33.0561981201171875,-117.268798828125,anonymous,EN,2,4,1,7,1,7,1,7,7,1,7,1,1,7,1,7,7,1,3,7,1,7,1,7,1,7,1,3,1,1,1,1,1,7,1,7,1,32,3
2020-02-03 13:15:02,2020-02-03 13:27:55,0,73.98.19.110,100,773,1,2020-02-03 13:27:56,R_rp52xVLNXEb6SAx,,,,,35.2339019775390625,-106.62000274658203125,anonymous,EN,2,4,1,7,1,7,1,7,7,1,6,2,1,7,1,5,7,1,3,7,1,7,1,7,1,7,1,3,2,5,3,5,2,7,1,7,1,31,5
2020-02-03 13:20:00,2020-02-03 13:27:58,0,75.58.176.229,100,478,1,2020-02-03 13:27:58,R_1flMSpeDtHtIHCw,,,,,28.5807037353515625,-81.189300537109375,anonymous,EN,2,4,3,5,4,7,1,4,7,1,3,2,4,5,2,3,1,4,3,3,4,1,2,1,5,3,3,3,6,2,3,4,2,7,3,7,1,31,1
2020-02-03 13:23:07,2020-02-03 13:28:18,0,68.116.212.195,100,310,1,2020-02-03 13:28:18,R_2ToDnohDMjQjXPt,,,,,30.5435943603515625,-89.68959808349609375,anonymous,EN,2,4,3,2,3,1,3,1,2,2,1,3,3,3,4,3,2,4,3,3,1,4,2,1,3,3,2,3,3,1,1,2,2,3,3,1,1,33,3
2020-02-03 13:21:48,2020-02-03 13:28:39,0,69.147.248.238,100,411,1,2020-02-03 13:28:40,R_1K7FA1zsVCkFBd1,,,,,34.1251068115234375,-117.8556976318359375,anonymous,EN,2,4,2,3,2,3,3,3,2,2,2,2,3,2,3,3,2,5,3,2,3,4,2,2,2,3,3,3,3,3,4,2,3,2,3,2,2,28,5
2020-02-03 13:23:37,2020-02-03 13:28:45,0,2.56.33.75,100,308,1,2020-02-03 13:28:45,R_A6fOVdAT8g58Q4p,,,,,47.6092071533203125,-122.3314056396484375,anonymous,EN,2,4,5,4,3,3,3,3,2,2,5,3,3,6,5,6,6,4,3,3,5,2,3,4,4,5,3,3,3,5,6,6,6,3,5,6,1,28,3
2020-02-03 13:25:49,2020-02-03 13:28:47,0,24.11.185.76,100,177,1,2020-02-03 13:28:47,R_30wopp2t8O4fKhb,,,,,32.7147064208984375,-79.95259857177734375,anonymous,EN,2,4,2,3,7,5,2,3,4,1,7,6,4,1,5,3,5,3,3,3,7,4,4,1,6,3,4,3,5,7,1,4,7,2,2,1,1,28,3
2020-02-03 13:24:46,2020-02-03 13:29:41,0,69.147.248.23,100,295,1,2020-02-03 13:29:41,R_1Ny0vUx12mlJXHg,,,,,34.1251068115234375,-117.8556976318359375,anonymous,EN,2,4,4,3,2,1,2,3,4,4,4,3,3,2,2,1,4,3,3,2,4,3,2,2,1,4,3,3,4,2,2,3,4,4,2,3,1,28,5
2020-02-03 13:11:01,2020-02-03 13:29:59,0,73.85.203.121,100,1137,1,2020-02-03 13:29:59,R_31hH4zzFJirSsjs,,,,,25.8119049072265625,-80.2317962646484375,anonymous,EN,2,4,2,6,2,6,2,6,6,2,6,2,2,6,3,6,6,3,3,6,2,6,2,6,2,6,2,3,2,2,2,2,6,6,6,6,1,42,1
2020-02-03 13:26:12,2020-02-03 13:30:50,0,107.11.182.13,100,278,1,2020-02-03 13:30:51,R_2TEJJOet0klae0Z,,,,,40.2738037109375,-81.86620330810546875,anonymous,EN,2,4,1,7,1,7,1,7,7,2,7,1,1,7,1,7,7,1,3,7,1,7,1,7,1,7,1,3,1,1,1,2,1,7,1,7,2,44,3
2020-02-03 13:24:51,2020-02-03 13:31:23,0,85.104.107.172,100,391,1,2020-02-03 13:31:23,R_7U68eqB0KPXEOl3,,,,,39.91070556640625,32.8553924560546875,anonymous,EN,2,4,1,7,1,7,1,7,7,2,7,1,1,6,5,5,5,2,3,7,2,7,1,7,1,7,1,3,3,3,3,2,6,7,6,7,1,35,3
2020-02-03 13:24:54,2020-02-03 13:31:24,0,72.24.233.212,100,390,1,2020-02-03 13:31:25,R_1Q3jxZoCCSfwsmG,,,,,34.601104736328125,-112.325897216796875,anonymous,EN,2,4,2,6,2,6,2,6,6,2,6,2,2,6,2,5,6,2,3,6,2,6,2,6,2,6,2,3,3,2,2,2,2,6,2,6,1,29,3
2020-02-03 13:26:46,2020-02-03 13:31:44,0,73.138.104.199,100,298,1,2020-02-03 13:31:44,R_8iH2XhXz66qxYM9,,,,,25.770294189453125,-80.2071990966796875,anonymous,EN,2,4,1,7,1,7,5,7,7,5,7,2,2,7,1,7,7,1,3,7,1,7,1,7,1,7,1,3,5,2,5,2,1,7,1,7,1,28,3
2020-02-03 13:28:11,2020-02-03 13:31:54,0,96.32.19.28,100,222,1,2020-02-03 13:31:54,R_3MmsXNbTAjXdn4c,,,,,41.8466949462890625,-73.01779937744140625,anonymous,EN,2,4,1,7,1,7,1,7,7,1,7,3,3,7,1,7,7,1,3,7,1,7,1,7,1,7,1,3,4,4,4,4,1,7,1,7,2,48,3
2020-02-03 13:28:56,2020-02-03 13:31:56,0,69.76.169.166,100,180,1,2020-02-03 13:31:57,R_3KIcVxMkoblmLhO,,,,,38.959197998046875,-94.596099853515625,anonymous,EN,2,4,3,6,3,4,3,1,5,5,6,3,4,2,2,3,5,1,3,7,7,7,1,2,3,1,4,3,3,5,2,4,5,4,3,2,1,25,2
2020-02-03 13:25:54,2020-02-03 13:32:10,0,63.227.40.229,100,375,1,2020-02-03 13:32:10,R_2VsBif1COFPvYQ2,,,,,39.7671051025390625,-105.045196533203125,anonymous,EN,2,4,1,7,1,7,1,7,6,1,7,2,1,7,1,7,7,1,3,7,1,7,1,6,1,6,1,3,5,2,5,2,2,7,2,7,1,55,3
2020-02-03 13:23:58,2020-02-03 13:32:59,0,76.72.36.109,100,540,1,2020-02-03 13:32:59,R_2ROJX8zrmc4as2F,,,,,30.235992431640625,-92.00749969482421875,anonymous,EN,2,4,1,7,1,7,2,4,7,2,4,1,1,6,1,4,7,1,3,7,1,7,1,5,2,7,1,3,6,1,4,1,2,7,1,6,1,42,3
2020-02-03 13:12:22,2020-02-03 13:33:22,0,67.171.219.193,100,1260,1,2020-02-03 13:33:23,R_stnBQOicli5SNRT,,,,,44.0991058349609375,-123.1371002197265625,anonymous,EN,2,4,3,6,2,6,2,6,6,2,6,2,2,6,3,5,5,2,3,6,2,6,2,6,2,6,2,3,7,2,6,1,2,6,2,6,1,22,3
2020-02-03 13:27:16,2020-02-03 13:33:48,0,173.27.197.177,100,392,1,2020-02-03 13:33:48,R_24wxS0JncSXDebW,,,,,41.6094970703125,-93.59490203857421875,anonymous,EN,2,4,3,4,3,5,2,7,7,2,4,4,3,4,2,6,6,2,3,4,4,4,4,4,4,4,4,3,4,3,3,4,3,2,2,3,1,30,3
2020-02-03 13:15:47,2020-02-03 13:34:11,0,99.35.160.62,100,1104,1,2020-02-03 13:34:11,R_124LiChmbeqGF5G,,,,,42.3954925537109375,-88.1670989990234375,anonymous,EN,2,4,1,7,1,7,7,7,7,1,6,1,1,6,1,5,6,1,3,6,2,6,6,7,1,7,1,3,7,1,7,1,1,7,1,7,2,24,3
2020-02-03 13:29:50,2020-02-03 13:34:33,0,207.188.177.146,100,283,1,2020-02-03 13:34:33,R_32XxYMJS7y64z00,,,,,47.6092071533203125,-122.3314056396484375,anonymous,EN,2,4,3,4,2,3,4,1,3,2,1,4,2,3,4,2,2,2,3,2,2,3,4,4,2,4,3,3,3,4,2,4,1,3,4,2,2,28,5
2020-02-03 13:27:15,2020-02-03 13:34:43,0,75.76.50.184,100,448,1,2020-02-03 13:34:43,R_21pnLRSj7iypU3M,,,,,27.7870025634765625,-82.6761016845703125,anonymous,EN,2,4,1,7,1,7,1,7,7,1,7,1,1,7,1,7,7,1,3,7,1,7,1,7,1,7,1,3,2,1,2,1,1,7,1,7,2,64,3
2020-02-03 13:28:35,2020-02-03 13:34:45,0,68.96.169.162,100,369,1,2020-02-03 13:34:45,R_Te19v2eIMSR7pfj,,,,,36.2472991943359375,-115.28209686279296875,anonymous,EN,2,4,2,3,2,6,3,4,4,2,5,4,4,4,3,4,4,4,3,4,4,6,2,4,3,5,2,3,4,3,4,3,2,6,2,6,1,32,5
2020-02-03 13:28:42,2020-02-03 13:34:59,0,47.16.153.114,100,377,1,2020-02-03 13:35:00,R_1pmlDgQOqduk6oz,,,,,40.85650634765625,-74.12310028076171875,anonymous,EN,2,4,2,7,1,6,2,6,6,2,6,1,1,6,2,6,6,2,3,6,1,7,1,7,1,7,1,3,2,1,3,1,1,7,2,7,2,37,3
2020-02-03 13:29:10,2020-02-03 13:35:08,0,2.56.33.75,100,357,1,2020-02-03 13:35:08,R_Uo0TcYiL87uHxw5,,,,,47.6092071533203125,-122.3314056396484375,anonymous,EN,2,4,6,5,5,3,6,5,4,3,3,5,3,4,4,3,5,5,3,5,4,6,5,6,5,4,5,3,5,4,6,3,5,3,5,4,1,28,3
2020-02-03 13:30:47,2020-02-03 13:35:18,0,216.16.45.57,100,271,1,2020-02-03 13:35:19,R_3GCIMAjXbKT7O8K,,,,,43.628997802734375,-95.60590362548828125,anonymous,EN,2,4,2,7,1,7,1,5,6,1,7,1,1,7,1,7,7,1,3,7,1,7,1,7,1,7,1,3,5,3,4,3,2,7,1,7,1,31,3
2020-02-03 13:24:28,2020-02-03 13:35:38,0,174.216.19.28,100,670,1,2020-02-03 13:35:39,R_1FfaYHf1FlVZgfu,,,,,48.05889892578125,-122.15789794921875,anonymous,EN,2,4,2,6,2,6,3,6,6,3,6,2,2,6,2,6,6,2,3,6,3,6,3,6,2,6,2,3,5,2,6,2,3,6,3,6,2,65,3
2020-02-03 13:25:18,2020-02-03 13:36:28,0,47.225.151.230,100,669,1,2020-02-03 13:36:28,R_3EWl6KpqB54Aahc,,,,,42.45440673828125,-85.59940338134765625,anonymous,EN,2,4,2,6,2,6,3,6,7,2,3,3,2,3,2,6,6,2,3,7,2,6,2,6,1,7,1,3,6,5,6,6,1,6,1,6,2,58,3
2020-02-03 13:30:45,2020-02-03 13:36:58,0,70.171.9.199,100,373,1,2020-02-03 13:36:59,R_2xIRE0Rc3qIlijb,,,,,29.613800048828125,-82.3860015869140625,anonymous,EN,2,4,1,7,1,7,1,7,7,1,7,1,1,7,1,7,7,1,3,7,1,7,1,7,1,7,1,3,4,1,4,1,1,7,1,7,1,27,6
2020-02-03 13:31:49,2020-02-03 13:37:01,0,73.60.7.165,100,311,1,2020-02-03 13:37:01,R_3qs7g4sUkxvmcI1,,,,,41.548095703125,-73.00119781494140625,anonymous,EN,2,4,1,7,1,7,2,7,7,2,7,1,1,7,1,7,7,1,3,7,1,7,1,7,1,7,1,3,5,2,5,3,1,7,1,7,1,33,3
2020-02-03 13:26:37,2020-02-03 13:37:16,0,107.13.154.187,100,638,1,2020-02-03 13:37:16,R_1H1O00CHsbiQ5TJ,,,,,35.91119384765625,-78.9178009033203125,anonymous,EN,2,4,2,6,2,6,5,6,6,2,6,2,2,6,2,4,6,2,3,6,2,6,2,6,2,6,2,3,6,5,6,5,2,6,2,6,2,33,1
2020-02-03 13:33:11,2020-02-03 13:37:49,0,71.224.61.98,100,277,1,2020-02-03 13:37:49,R_2SuVrNVi7kdp5sf,,,,,40.0782012939453125,-75.1298980712890625,anonymous,EN,2,4,1,7,1,7,1,6,7,1,7,2,2,7,1,7,6,1,3,7,1,7,1,6,1,6,1,3,3,3,4,2,2,7,1,6,2,25,3
2020-02-03 13:36:13,2020-02-03 13:37:56,0,65.31.180.86,100,103,1,2020-02-03 13:37:57,R_1P18EutQeGX4Ikt,,,,,42.889495849609375,-87.90740203857421875,anonymous,EN,2,4,6,5,7,6,6,6,5,7,5,5,6,5,3,3,3,4,3,3,3,2,3,6,5,6,5,3,6,5,6,5,7,6,7,6,1,23,3
2020-02-03 13:31:08,2020-02-03 13:38:05,0,75.135.156.111,100,417,1,2020-02-03 13:38:06,R_24Bm9Af832xF25g,,,,,42.8175048828125,-85.518096923828125,anonymous,EN,2,4,1,7,1,7,7,1,1,7,1,7,7,1,7,1,1,7,3,1,7,1,7,2,2,1,7,3,7,7,7,7,7,1,7,1,1,26,3
2020-02-03 13:35:23,2020-02-03 13:38:27,0,96.36.47.33,100,183,1,2020-02-03 13:38:27,R_33EzDAZ5thIrs15,,,,,42.27349853515625,-85.5458984375,anonymous,EN,2,4,4,4,2,4,4,4,4,4,4,4,3,4,4,4,4,4,3,4,4,4,4,4,4,4,4,3,4,4,4,4,4,4,4,4,1,35,6
2020-02-03 13:25:42,2020-02-03 13:39:20,0,47.223.82.40,100,818,1,2020-02-03 13:39:20,R_1FFCxwpx7Plr8ok,,,,,33.6549072265625,-95.539398193359375,anonymous,EN,2,4,1,7,1,7,3,7,7,2,7,1,1,7,1,6,6,1,3,7,1,7,1,7,1,1,1,3,7,1,7,1,6,7,5,7,1,40,3
2020-02-03 13:25:25,2020-02-03 13:39:20,0,24.115.234.11,100,834,1,2020-02-03 13:39:20,R_xEnwfr5ZouWwq2J,,,,,41.0287017822265625,-74.6428985595703125,anonymous,EN,2,4,1,7,1,7,1,7,7,1,7,1,1,7,2,7,7,2,3,7,1,7,1,7,2,7,2,3,6,6,6,5,2,7,2,7,2,30,3
2020-02-03 13:33:50,2020-02-03 13:39:37,0,47.217.139.63,100,347,1,2020-02-03 13:39:38,R_12rl0XWxdOdYLYI,,,,,35.7445068359375,-95.34510040283203125,anonymous,EN,2,4,1,7,1,7,1,7,7,1,7,1,1,7,2,7,7,1,3,7,1,7,1,7,1,7,1,3,6,1,6,1,1,7,1,7,1,37,3
2020-02-03 13:35:51,2020-02-03 13:39:45,0,50.228.128.234,100,233,1,2020-02-03 13:39:45,R_8If3T3Sn2bn722l,,,,,38.632598876953125,-77.2660980224609375,anonymous,EN,2,4,1,7,1,7,1,7,7,1,6,2,2,6,2,6,6,2,3,7,1,7,1,7,1,7,1,3,2,1,2,1,1,7,1,7,1,30,6
2020-02-03 13:34:12,2020-02-03 13:40:12,0,70.191.242.117,100,359,1,2020-02-03 13:40:12,R_26nkEj8RoKFjarj,,,,,30.4766998291015625,-87.3141021728515625,anonymous,EN,2,4,2,7,2,6,2,6,6,2,6,2,2,6,2,6,6,2,3,6,2,6,2,6,2,6,2,3,3,3,3,3,2,6,2,6,2,21,3
2020-02-03 13:35:52,2020-02-03 13:40:13,0,47.39.22.254,100,260,1,2020-02-03 13:40:13,R_9og4FqIcM8Jq3GV,,,,,43.2151031494140625,-124.198394775390625,anonymous,EN,2,4,1,7,1,7,2,7,7,1,7,1,1,7,1,6,7,1,3,7,1,7,1,7,1,7,1,3,2,1,3,1,1,7,1,7,2,45,3
2020-02-03 13:31:49,2020-02-03 13:40:20,0,68.118.97.173,100,510,1,2020-02-03 13:40:20,R_NVjDxQzbvx0ZTyx,,,,,34.782806396484375,-84.933197021484375,anonymous,EN,2,4,2,7,1,7,3,6,6,2,5,2,1,6,2,5,5,2,3,6,2,6,1,6,2,6,2,3,5,4,3,2,2,6,2,6,2,47,3
2020-02-03 13:35:35,2020-02-03 13:40:20,0,108.14.253.162,100,284,1,2020-02-03 13:40:20,R_3MS5r5LFVrUqnSm,,,,,41.28460693359375,-73.89040374755859375,anonymous,EN,2,4,2,7,2,7,2,2,7,2,7,2,2,7,2,5,5,2,3,6,6,6,1,7,2,7,2,3,4,2,3,2,2,7,2,7,1,32,5
2020-02-03 13:32:38,2020-02-03 13:41:18,0,5.253.162.106,100,519,1,2020-02-03 13:41:18,R_1oEYM0GM3aanRAC,,,,,47.6092071533203125,-122.3314056396484375,anonymous,EN,2,4,3,1,2,3,1,2,3,3,2,3,3,1,3,2,1,2,3,1,2,2,3,3,1,2,3,3,3,1,1,3,1,1,3,2,1,28,5
2020-02-03 13:27:57,2020-02-03 13:41:27,0,68.33.90.190,100,810,1,2020-02-03 13:41:27,R_3lshdG8D7vQ4c92,,,,,39.364501953125,-76.606903076171875,anonymous,EN,2,4,2,2,3,3,2,2,3,2,2,3,3,3,2,3,3,3,3,2,3,2,3,2,2,3,3,3,3,2,2,3,3,2,2,3,1,38,1
2020-02-03 13:39:39,2020-02-03 13:41:54,0,205.178.60.213,100,135,1,2020-02-03 13:41:55,R_12RSuZsxZVxiK1J,,,,,41.9031982421875,-87.63829803466796875,anonymous,EN,2,4,2,6,2,6,2,6,6,2,6,2,2,6,2,6,6,2,3,6,2,6,2,6,2,6,2,3,5,3,5,3,2,6,2,6,2,26,3
2020-02-03 13:29:01,2020-02-03 13:42:22,0,69.147.248.238,100,801,1,2020-02-03 13:42:23,R_2qdvkOKPXSu5w0o,,,,,34.1251068115234375,-117.8556976318359375,anonymous,EN,2,4,2,3,1,1,3,2,1,4,3,4,3,2,1,4,4,2,3,3,1,2,3,4,1,2,3,3,1,4,3,2,2,3,4,2,2,28,5
2020-02-03 13:33:50,2020-02-03 13:42:36,0,181.177.84.169,100,525,1,2020-02-03 13:42:36,R_O26JBouyhEyFpkt,,,,,40.7064056396484375,-73.94730377197265625,anonymous,EN,2,4,6,4,5,5,6,4,5,4,6,4,4,5,5,5,5,4,3,4,6,5,5,4,4,6,6,3,5,3,5,6,3,6,4,5,2,36,3
2020-02-03 13:39:34,2020-02-03 13:42:48,0,207.188.176.28,100,194,1,2020-02-03 13:42:49,R_1laS4DQz3JFaq9M,,,,,47.6092071533203125,-122.3314056396484375,anonymous,EN,2,4,3,3,4,4,3,3,4,4,3,4,5,4,4,3,4,4,3,4,2,4,3,3,4,5,3,3,4,3,3,5,3,5,4,4,1,29,3
2020-02-03 13:38:55,2020-02-03 13:43:10,0,184.90.134.105,100,254,1,2020-02-03 13:43:10,R_OkVhy5rcjcKFedX,,,,,28.7675018310546875,-81.28440093994140625,anonymous,EN,2,4,2,6,2,6,2,6,6,2,6,2,2,6,2,6,6,2,3,6,2,6,2,6,2,6,2,3,2,2,6,2,2,6,2,6,2,29,3
2020-02-03 13:38:10,2020-02-03 13:43:22,0,97.82.60.62,100,311,1,2020-02-03 13:43:22,R_1Hbq58behIvkyBg,,,,,34.548492431640625,-87.00360107421875,anonymous,EN,2,4,1,7,1,7,2,7,7,2,4,1,1,4,2,4,4,2,3,7,1,7,1,6,2,6,2,3,2,6,2,6,2,6,2,6,2,33,3
2020-02-03 13:40:25,2020-02-03 13:43:29,0,71.201.240.23,100,184,1,2020-02-03 13:43:29,R_2pJFUM3z9q16J5P,,,,,41.698394775390625,-88.08249664306640625,anonymous,EN,2,4,2,3,1,2,1,2,3,2,1,3,2,4,2,3,1,3,3,2,3,2,1,2,3,1,2,3,3,2,1,2,2,1,3,2,1,30,1
2020-02-03 13:42:08,2020-02-03 13:46:54,0,173.21.222.253,100,286,1,2020-02-03 13:46:54,R_3ozofspJjs0vRMw,,,,,41.3014984130859375,-91.698699951171875,anonymous,EN,2,4,1,1,2,2,1,2,1,2,2,1,2,1,2,2,1,2,3,2,2,1,1,1,2,2,1,3,1,2,1,2,1,2,2,1,2,27,5
2020-02-03 13:36:00,2020-02-03 13:47:09,0,91.207.175.168,100,668,1,2020-02-03 13:47:09,R_QbqchvmFvhrpD7r,,,,,34.054901123046875,-118.2577972412109375,anonymous,EN,2,4,1,7,1,7,4,6,6,2,7,1,1,7,1,7,7,1,3,6,1,6,1,7,1,7,7,3,1,1,1,1,4,7,1,7,1,26,3
2020-02-03 13:40:52,2020-02-03 13:47:45,0,104.231.10.217,100,412,1,2020-02-03 13:47:46,R_2Qxr72hooArI2Jy,,,,,39.8744049072265625,-84.32869720458984375,anonymous,EN,2,4,2,3,1,3,2,3,1,1,2,3,3,2,2,3,1,2,3,3,2,2,3,1,3,2,1,3,1,3,2,2,3,3,2,2,1,44,1
2020-02-03 13:44:38,2020-02-03 13:47:54,0,68.33.90.190,100,195,1,2020-02-03 13:47:54,R_2CsoohMmvQjcZqc,,,,,39.364501953125,-76.606903076171875,anonymous,EN,2,4,3,2,2,2,2,3,2,2,2,3,3,1,2,3,3,2,3,3,3,2,2,2,2,3,3,3,3,2,2,3,2,3,2,2,1,38,1
2020-02-03 13:43:46,2020-02-03 13:48:16,0,50.21.193.27,100,269,1,2020-02-03 13:48:17,R_2rBm9znFlWAAhJD,,,,,37.677093505859375,-113.0619964599609375,anonymous,EN,2,4,1,7,1,7,2,7,7,1,7,7,7,7,2,7,7,2,3,7,1,7,1,7,1,7,1,3,5,7,5,7,5,7,5,7,1,28,3
2020-02-03 13:47:58,2020-02-03 13:48:23,0,173.19.48.147,100,24,1,2020-02-03 13:48:23,R_246EkNuXIfpqh4Y,,,,,37.211700439453125,-93.29900360107421875,anonymous,EN,1,,,,,,,,,,,,,,,,,,,,,,,,,,,,,,,,,,,,,,
2020-02-03 13:43:25,2020-02-03 13:48:53,0,98.232.238.129,100,327,1,2020-02-03 13:48:53,R_2ZOzX66rWWMFwl4,,,,,44.592803955078125,-123.27459716796875,anonymous,EN,2,4,2,7,1,7,2,7,7,1,7,2,2,6,1,6,6,1,3,7,1,7,2,6,1,6,2,3,5,2,5,3,1,6,1,6,1,33,3
2020-02-03 13:44:37,2020-02-03 13:48:55,0,24.116.21.131,100,257,1,2020-02-03 13:48:55,R_307Af35dJrPRwYh,,,,,34.1602020263671875,-97.181396484375,anonymous,EN,2,4,1,7,1,7,1,6,5,1,5,1,1,5,1,3,3,2,3,7,2,7,1,3,1,4,1,3,4,3,3,2,1,6,1,6,1,52,5
2020-02-03 13:48:33,2020-02-03 13:48:56,0,173.19.48.147,100,22,1,2020-02-03 13:48:56,R_3hyK1rAc2TZQgYv,,,,,37.211700439453125,-93.29900360107421875,anonymous,EN,6,,,,,,,,,,,,,,,,,,,,,,,,,,,,,,,,,,,,,,
2020-02-03 13:47:02,2020-02-03 13:51:26,0,173.21.222.253,100,264,1,2020-02-03 13:51:26,R_DBQvls6grqYCBbz,,,,,41.3014984130859375,-91.698699951171875,anonymous,EN,2,4,2,1,2,1,2,1,2,1,1,2,2,3,1,2,2,2,3,1,1,2,2,1,2,1,1,3,1,1,2,2,2,1,2,1,2,27,1
2020-02-03 13:46:19,2020-02-03 13:51:32,0,173.198.160.217,100,313,1,2020-02-03 13:51:33,R_eXlGZnj1sme8K1r,,,,,43.9600982666015625,-111.69750213623046875,anonymous,EN,2,4,2,7,2,7,2,6,7,2,7,3,2,6,2,7,7,2,3,2,3,6,3,6,2,6,2,3,5,3,5,3,2,7,2,7,2,59,3
2020-02-03 13:37:14,2020-02-03 13:51:47,0,98.212.146.29,100,873,1,2020-02-03 13:51:48,R_2rv9mMoMfk3xNdz,,,,,40.11199951171875,-88.23650360107421875,anonymous,EN,2,4,2,6,2,6,2,6,6,2,6,2,2,6,2,6,6,2,3,6,2,6,2,6,2,6,2,3,6,2,6,2,3,6,3,6,1,36,3
2020-02-03 13:49:27,2020-02-03 13:52:13,0,173.19.48.147,100,166,1,2020-02-03 13:52:13,R_3hfM7zUpsay6lOU,,,,,37.211700439453125,-93.29900360107421875,anonymous,EN,2,4,2,2,3,1,3,1,2,2,2,1,3,2,1,3,2,1,3,2,3,1,1,1,2,2,3,3,3,2,2,1,2,3,2,1,2,39,1
2020-02-03 13:47:16,2020-02-03 13:52:33,0,144.92.38.238,100,316,1,2020-02-03 13:52:33,R_2WT3GYYEgOGI0UU,,,,,43.0782012939453125,-89.407501220703125,anonymous,EN,2,4,1,7,1,7,1,7,7,1,6,1,1,6,1,5,5,1,3,7,1,7,1,7,1,7,1,3,7,3,7,3,1,7,1,7,1,38,3
2020-02-03 13:34:55,2020-02-03 13:52:58,0,68.1.63.65,100,1083,1,2020-02-03 13:52:58,R_2xwLebgfV7LgHQQ,,,,,30.5149993896484375,-86.48439788818359375,anonymous,EN,2,4,1,7,1,7,2,7,7,1,4,1,2,4,1,7,7,1,3,7,1,7,1,7,1,7,1,3,2,5,2,5,2,6,1,7,2,26,3
2020-02-03 13:48:52,2020-02-03 13:53:20,0,160.3.43.65,100,268,1,2020-02-03 13:53:20,R_1FsTT2ckJp4U8F9,,,,,30.3574066162109375,-89.1649017333984375,anonymous,EN,2,4,1,7,1,7,1,6,6,1,6,1,1,6,1,6,6,1,3,6,1,6,1,7,1,7,1,3,7,1,7,1,1,7,1,7,2,31,3
2020-02-03 13:46:32,2020-02-03 13:53:24,0,98.102.130.170,100,412,1,2020-02-03 13:53:25,R_22WWJRn0NG3qh6r,,,,,40.0731964111328125,-82.401702880859375,anonymous,EN,2,4,2,6,2,6,2,6,6,2,6,6,2,6,2,6,6,2,3,6,2,6,2,6,2,6,2,3,6,2,6,2,2,6,2,6,1,38,3
2020-02-03 13:44:37,2020-02-03 13:53:31,0,138.229.206.3,100,534,1,2020-02-03 13:53:32,R_r7NWA7IjjWGpZnj,,,,,33.78399658203125,-118.185394287109375,anonymous,EN,2,4,3,2,2,1,4,3,2,3,4,3,2,2,4,3,5,1,3,4,4,3,2,5,6,5,4,3,2,4,3,4,4,3,3,2,1,32,5
2020-02-03 13:49:29,2020-02-03 13:53:43,0,76.30.105.32,100,253,1,2020-02-03 13:53:43,R_w7CdFY5rxKXBmr7,,,,,29.8737945556640625,-95.5233001708984375,anonymous,EN,2,4,2,5,2,4,2,6,5,2,2,2,2,3,2,5,3,2,3,6,2,6,2,6,2,6,2,3,2,2,1,2,1,4,1,4,2,31,3
2020-02-03 13:28:54,2020-02-03 13:54:25,0,70.161.86.186,100,1530,1,2020-02-03 13:54:25,R_2yeBqOWgPzStyKH,,,,,36.80560302734375,-76.2666015625,anonymous,EN,2,4,2,7,2,7,2,6,6,2,6,1,2,6,2,6,6,1,3,6,2,7,2,6,2,6,2,3,6,2,6,2,2,7,2,7,2,30,1
2020-02-03 13:27:49,2020-02-03 13:54:34,0,66.214.10.101,100,1604,1,2020-02-03 13:54:34,R_SJl6RR30Nl6MX4d,,,,,33.7902984619140625,-118.12149810791015625,anonymous,EN,2,4,4,4,5,5,4,4,5,5,4,5,4,5,5,5,4,3,3,4,4,5,6,5,5,4,4,3,5,4,4,5,5,4,6,4,,,
2020-02-03 13:51:32,2020-02-03 13:56:31,0,173.21.222.253,100,299,1,2020-02-03 13:56:32,R_1erDzLoRWesrl7d,,,,,41.3014984130859375,-91.698699951171875,anonymous,EN,2,4,2,1,1,2,1,2,1,2,2,1,1,2,1,2,1,2,3,1,1,2,2,2,1,2,1,3,2,2,1,1,2,1,1,2,2,27,1
2020-02-03 13:50:46,2020-02-03 13:56:32,0,98.181.211.154,100,345,1,2020-02-03 13:56:32,R_3il14q4ibI4LoPD,,,,,36.1685028076171875,-115.11640167236328125,anonymous,EN,2,4,3,6,2,6,3,6,6,4,6,5,2,6,5,4,3,2,3,7,3,6,4,6,5,3,2,3,3,3,2,2,5,5,3,3,1,32,4
2020-02-03 13:51:28,2020-02-03 13:56:50,0,24.59.247.164,100,321,1,2020-02-03 13:56:51,R_1IdeHXGq7NiiRNE,,,,,43.21429443359375,-77.93920135498046875,anonymous,EN,2,4,1,7,1,7,1,7,7,1,7,1,1,7,1,7,7,1,3,7,1,7,1,1,1,7,1,3,1,1,1,1,1,7,1,7,2,51,3
2020-02-03 13:47:09,2020-02-03 13:57:27,0,73.85.203.121,100,617,1,2020-02-03 13:57:28,R_2qq0uy16KoU7J0X,,,,,25.8119049072265625,-80.2317962646484375,anonymous,EN,2,4,1,6,6,6,2,6,6,6,2,2,5,4,5,3,2,2,3,3,2,6,6,6,2,6,6,3,2,2,4,6,6,6,4,3,2,37,1
2020-02-03 13:53:12,2020-02-03 13:57:52,0,68.134.12.236,100,280,1,2020-02-03 13:57:52,R_2c5Sw5Rqrlfuk7h,,,,,39.21240234375,-76.87760162353515625,anonymous,EN,2,4,1,7,1,7,1,7,7,1,6,2,2,6,1,6,6,1,3,6,1,7,1,7,1,7,1,3,5,1,5,1,1,7,1,7,1,24,6
2020-02-03 13:54:52,2020-02-03 13:57:53,0,134.48.162.178,100,181,1,2020-02-03 13:57:54,R_2aOxsnEbVAOxqFO,,,,,43.0381927490234375,-87.910003662109375,anonymous,EN,2,4,2,7,2,7,2,6,6,2,6,2,2,6,2,6,6,2,3,6,2,6,2,6,2,6,2,3,3,2,3,1,2,6,2,6,1,22,3
2020-02-03 13:50:45,2020-02-03 13:58:11,0,24.180.81.198,100,446,1,2020-02-03 13:58:12,R_1jenajOmoQ57Vk0,,,,,43.0352020263671875,-83.52480316162109375,anonymous,EN,2,4,1,7,1,7,1,7,7,1,4,1,1,4,7,7,4,1,3,7,1,7,1,7,1,7,1,3,1,1,1,1,7,7,1,7,2,30,3
2020-02-03 13:52:11,2020-02-03 13:58:24,0,99.22.223.184,100,372,1,2020-02-03 13:58:24,R_10vYLVOyUUPHZQ9,,,,,34.10040283203125,-118.2946014404296875,anonymous,EN,2,4,1,7,1,7,1,7,7,1,7,1,1,7,1,7,7,1,3,7,1,7,1,7,1,7,1,3,5,1,3,1,1,7,1,7,1,39,2
2020-02-03 13:55:23,2020-02-03 13:59:20,0,67.180.60.151,100,236,1,2020-02-03 13:59:20,R_3ixkSvWF0ruVBD5,,,,,37.770294189453125,-122.440704345703125,anonymous,EN,2,4,2,1,2,2,1,1,1,2,1,2,1,1,2,1,2,1,3,1,2,2,1,1,2,2,3,3,2,1,1,2,1,1,2,2,1,30,1
2020-02-03 13:54:37,2020-02-03 14:00:12,0,73.225.241.108,100,334,1,2020-02-03 14:00:12,R_3p4jpf3wVSS2jTU,,,,,47.1291046142578125,-122.40940093994140625,anonymous,EN,2,4,1,7,1,7,2,7,7,2,7,1,2,7,2,7,7,2,3,7,1,7,1,7,1,7,1,3,7,2,7,2,1,7,1,7,1,25,3
2020-02-03 13:58:09,2020-02-03 14:00:43,0,24.252.136.123,100,154,1,2020-02-03 14:00:44,R_22QZKxTFQu7HsPS,,,,,37.255706787109375,-79.981201171875,anonymous,EN,2,4,1,7,1,7,1,7,7,1,7,1,1,7,1,7,7,1,3,7,1,7,1,7,1,7,1,3,7,1,7,1,1,7,1,7,1,29,3
2020-02-03 13:47:29,2020-02-03 14:00:46,0,24.251.105.209,100,797,1,2020-02-03 14:00:46,R_Dk81ykg34f2D63n,,,,,33.4803009033203125,-112.394500732421875,anonymous,EN,2,4,1,7,1,7,1,3,7,1,1,1,1,2,2,4,4,3,3,1,1,1,1,7,7,7,1,3,1,1,1,1,2,7,1,5,1,40,3
2020-02-03 13:58:33,2020-02-03 14:01:06,0,67.186.29.207,100,153,1,2020-02-03 14:01:06,R_sNeeXJVjgQ4kc6J,,,,,40.305206298828125,-79.54180145263671875,anonymous,EN,2,4,1,7,1,7,4,7,1,4,5,7,4,3,1,4,1,1,3,4,2,2,2,5,4,3,5,3,1,4,6,2,4,4,6,7,1,33,3
2020-02-03 13:57:20,2020-02-03 14:02:19,0,69.161.122.45,100,298,1,2020-02-03 14:02:19,R_AMcN9YpLiAA98o9,,,,,43.2873992919921875,-71.33519744873046875,anonymous,EN,2,4,1,7,1,7,1,7,7,1,7,1,1,7,1,7,7,1,3,7,1,7,1,7,1,7,1,3,7,1,7,1,1,7,1,7,1,42,3
2020-02-03 13:54:46,2020-02-03 14:03:32,0,192.200.158.242,100,525,1,2020-02-03 14:03:32,R_3lAEq0lKT9PcD1P,,,,,33.4412994384765625,-112.0420989990234375,anonymous,EN,2,4,1,7,2,7,6,7,7,2,7,2,2,2,2,6,7,2,3,7,1,7,2,7,6,6,2,3,1,6,1,2,2,7,1,7,1,31,3
2020-02-03 13:58:11,2020-02-03 14:03:36,0,185.222.37.92,100,324,1,2020-02-03 14:03:37,R_1nPY6YSQQTVeXnX,,,,,32.7787017822265625,-96.8217010498046875,anonymous,EN,2,4,2,1,3,4,2,2,3,1,3,4,1,2,2,2,1,1,3,1,2,1,3,1,1,3,3,3,1,1,3,2,3,1,3,2,1,28,5
2020-02-03 14:01:48,2020-02-03 14:04:29,0,67.8.181.92,100,160,1,2020-02-03 14:04:29,R_38bUux3CwrXxXpL,,,,,28.206207275390625,-80.68740081787109375,anonymous,EN,2,4,1,7,1,7,1,7,7,1,7,1,1,7,1,7,7,1,3,7,1,7,1,7,1,7,1,3,7,1,7,1,1,7,1,7,1,37,3
2020-02-03 14:04:19,2020-02-03 14:05:13,0,65.31.20.112,100,54,1,2020-02-03 14:05:14,R_1r2Mw2qo6YJ4kQ6,,,,,39.907196044921875,-82.75530242919921875,anonymous,EN,2,4,1,5,7,3,7,3,6,3,5,7,2,3,1,5,7,3,3,3,2,5,2,5,6,7,2,3,5,3,3,3,3,6,7,2,1,29,3
2020-02-03 13:58:01,2020-02-03 14:05:17,0,72.65.252.103,100,435,1,2020-02-03 14:05:17,R_1pQCoeiBhGhgAQI,,,,,40.406402587890625,-79.98560333251953125,anonymous,EN,2,4,1,2,1,7,1,1,7,1,7,4,1,7,4,5,7,1,3,6,7,7,1,5,4,7,1,3,2,1,5,1,1,7,1,7,1,33,1
2020-02-03 13:19:09,2020-02-03 14:05:36,0,68.100.174.128,100,2787,1,2020-02-03 14:05:36,R_2QomNACfImbS7rU,,,,,38.7769927978515625,-77.1894989013671875,anonymous,EN,2,4,1,7,1,7,1,7,7,1,7,1,1,7,1,1,1,1,3,7,1,7,1,7,1,7,1,3,7,1,7,1,1,7,1,7,1,24,3
2020-02-03 14:01:30,2020-02-03 14:05:36,0,47.148.172.226,100,246,1,2020-02-03 14:05:37,R_1ImEseuxmYt9wdh,,,,,34.0348968505859375,-117.618499755859375,anonymous,EN,2,4,2,7,1,7,1,6,6,1,6,3,3,7,3,7,7,2,3,6,2,7,2,7,2,6,2,3,4,6,4,6,1,6,1,7,1,24,3
2020-02-03 14:03:45,2020-02-03 14:07:17,0,71.12.157.234,100,212,1,2020-02-03 14:07:18,R_3r27363zLqeEg0O,,,,,33.02490234375,-84.95770263671875,anonymous,EN,2,4,1,6,1,6,1,6,6,1,6,2,2,6,2,6,6,2,3,6,2,6,2,6,2,6,2,3,2,2,3,2,2,6,2,6,1,29,1
2020-02-03 14:05:13,2020-02-03 14:08:16,0,47.205.84.36,100,182,1,2020-02-03 14:08:16,R_3f1JirrpUh9TYu5,,,,,28.3022003173828125,-82.62640380859375,anonymous,EN,2,4,1,7,1,7,1,7,7,1,4,1,1,4,1,4,4,1,3,7,1,7,1,7,1,7,1,3,1,1,1,1,1,7,1,7,1,33,3
2020-02-03 14:02:30,2020-02-03 14:08:45,0,107.112.218.53,100,375,1,2020-02-03 14:08:46,R_1dspfbwt3t3yAZS,,,,,37.751007080078125,-97.82199859619140625,anonymous,EN,2,4,1,7,1,7,3,7,6,2,6,1,1,5,1,5,5,1,3,7,1,7,2,7,1,7,1,3,3,3,3,3,4,7,2,7,2,30,3
2020-02-03 14:05:51,2020-02-03 14:09:35,0,98.165.229.26,100,224,1,2020-02-03 14:09:35,R_1HhjPaR79jyKTsk,,,,,33.312103271484375,-111.82129669189453125,anonymous,EN,2,4,2,3,1,7,1,6,6,1,6,2,1,6,2,6,6,1,3,7,2,7,1,7,2,7,1,3,2,2,2,1,2,6,1,6,2,24,3
2020-02-03 13:42:50,2020-02-03 14:11:17,0,174.104.16.14,100,1706,1,2020-02-03 14:11:17,R_2tE8W0xWVROHAx3,,,,,40.84710693359375,-81.38770294189453125,anonymous,EN,2,4,2,3,3,5,2,2,6,2,3,3,2,2,3,3,3,3,3,3,3,6,3,3,3,3,3,3,3,3,3,3,3,7,2,6,1,69,3
2020-02-03 14:08:42,2020-02-03 14:14:09,0,76.107.199.188,100,326,1,2020-02-03 14:14:09,R_5A9ppIufjqmi8TL,,,,,35.2082977294921875,-89.8058013916015625,anonymous,EN,2,4,1,7,1,7,1,7,7,1,7,1,1,7,1,7,7,1,3,7,1,7,1,7,1,7,1,3,7,1,7,1,1,7,1,7,2,30,6
2020-02-03 14:12:24,2020-02-03 14:17:43,0,71.201.29.97,100,318,1,2020-02-03 14:17:43,R_eF3iz3SiB1hu7kZ,,,,,41.4705963134765625,-87.07830047607421875,anonymous,EN,2,4,1,7,1,7,7,7,7,1,1,1,1,7,1,1,7,1,3,7,1,7,1,7,1,7,1,3,1,1,1,1,7,7,1,7,1,25,3
2020-02-03 14:09:51,2020-02-03 14:17:44,0,108.194.200.239,100,473,1,2020-02-03 14:17:45,R_3fltR4Ush36w02R,,,,,29.548492431640625,-90.60870361328125,anonymous,EN,2,4,1,7,1,7,1,7,7,1,7,1,1,7,1,7,7,1,3,7,1,7,1,7,1,7,1,3,7,1,7,1,1,7,1,7,2,34,3
2020-02-03 14:12:26,2020-02-03 14:18:20,0,23.241.235.92,100,353,1,2020-02-03 14:18:20,R_2D1Akn3R787NGaV,,,,,34.0030059814453125,-118.4297943115234375,anonymous,EN,2,4,1,7,1,7,1,7,6,1,6,1,1,6,1,7,7,1,3,7,1,7,1,7,1,6,1,3,2,2,2,1,1,7,1,7,2,31,2
2020-02-03 14:14:24,2020-02-03 14:18:36,0,68.35.229.206,100,251,1,2020-02-03 14:18:36,R_ZeFkEqYyFX6KqKl,,,,,30.4907989501953125,-84.31580352783203125,anonymous,EN,2,4,6,4,5,7,6,4,5,2,5,6,3,2,5,4,6,2,3,2,1,3,4,3,3,3,1,3,5,3,1,5,6,2,2,3,1,22,3
2020-02-03 14:17:26,2020-02-03 14:20:44,0,76.117.38.137,100,197,1,2020-02-03 14:20:44,R_25GVxPRlAFhdsXm,,,,,40.7238006591796875,-74.22930145263671875,anonymous,EN,2,4,2,1,2,1,1,2,2,1,2,2,2,1,1,1,2,3,3,2,1,2,3,1,2,1,2,3,3,2,2,1,1,2,3,1,1,30,1
2020-02-03 14:14:17,2020-02-03 14:21:07,0,76.178.28.3,100,409,1,2020-02-03 14:21:07,R_T5dT2VcgqVlZbuV,,,,,47.72479248046875,-116.78900146484375,anonymous,EN,2,4,2,6,2,6,2,6,7,1,6,3,1,6,1,6,6,1,3,6,2,7,1,5,2,6,1,3,6,2,5,1,2,6,2,6,1,55,3
2020-02-03 14:14:28,2020-02-03 14:23:06,0,98.210.231.129,100,517,1,2020-02-03 14:23:06,R_2tDPItdDpAmR5jp,,,,,38.0388946533203125,-122.58709716796875,anonymous,EN,2,4,1,7,1,7,1,7,7,1,2,1,1,6,1,1,1,1,3,7,1,7,1,7,1,7,1,3,7,1,7,1,1,7,1,7,2,68,3
2020-02-03 14:19:29,2020-02-03 14:25:36,0,73.11.242.191,100,366,1,2020-02-03 14:25:36,R_1Nkn0RytlPPeZ2v,,,,,46.99609375,-122.73809814453125,anonymous,EN,2,4,2,7,2,7,2,6,6,2,6,6,2,6,2,6,6,2,3,6,2,6,2,6,2,6,2,3,2,2,2,2,6,7,2,6,2,60,3
2020-02-03 14:18:11,2020-02-03 14:27:58,0,73.1.68.50,100,586,1,2020-02-03 14:27:58,R_3iWok9QOFm2IDQq,,,,,26.4550018310546875,-80.10759735107421875,anonymous,EN,2,4,1,7,1,7,2,7,6,1,7,1,1,7,1,6,4,1,3,7,1,7,1,7,1,7,1,3,2,2,2,2,1,7,1,7,1,28,1
2020-02-03 14:20:35,2020-02-03 14:28:09,0,99.76.153.143,100,454,1,2020-02-03 14:28:09,R_4U4ZeG2FhGmBFBv,,,,,35.319305419921875,-80.74559783935546875,anonymous,EN,2,4,3,3,2,2,2,2,2,1,1,2,1,2,2,1,2,2,3,2,1,2,2,2,1,2,2,3,2,2,1,2,2,1,2,2,1,33,1
2020-02-03 14:25:35,2020-02-03 14:29:45,0,74.134.75.252,100,250,1,2020-02-03 14:29:46,R_1hSHXcXQ0hQL8Gd,,,,,38.0012054443359375,-84.532501220703125,anonymous,EN,2,4,2,6,2,7,2,6,6,2,6,3,3,6,2,6,6,2,3,7,2,7,2,7,1,7,1,3,5,2,5,2,2,6,2,6,2,38,3
2020-02-03 14:23:03,2020-02-03 14:32:32,0,73.242.26.113,100,569,1,2020-02-03 14:32:33,R_24FWFGd3v0zuOvv,,,,,45.093597412109375,-93.24069976806640625,anonymous,EN,2,4,1,7,1,7,1,7,7,1,6,2,2,6,1,5,5,1,3,7,1,7,1,7,7,7,1,3,6,1,2,1,1,7,1,7,1,41,3
2020-02-03 14:30:22,2020-02-03 14:32:53,0,72.201.103.168,100,151,1,2020-02-03 14:32:54,R_26a2QRtulT40Hc7,,,,,33.5037994384765625,-112.025299072265625,anonymous,EN,2,4,2,6,2,6,2,6,5,2,6,2,2,5,2,5,6,2,3,6,2,6,2,6,2,6,2,3,2,2,2,2,2,6,2,6,1,37,3
2020-02-03 14:36:17,2020-02-03 14:37:31,0,208.233.39.21,100,74,1,2020-02-03 14:37:32,R_1NtzHqx1cW5MQST,,,,,46.68280029296875,-68.01689910888671875,anonymous,EN,2,4,4,3,4,4,3,4,4,4,4,3,4,3,4,4,3,3,3,4,3,3,3,4,4,3,5,3,4,3,3,4,5,3,4,2,1,35,3
2020-02-03 14:09:28,2020-02-03 14:37:36,0,173.244.44.50,100,1688,1,2020-02-03 14:37:36,R_1qUusGLhzVUF2Wy,,,,,47.6092071533203125,-122.3314056396484375,anonymous,EN,2,4,2,1,2,7,3,5,6,4,5,2,2,3,3,4,5,3,3,6,2,7,1,7,1,6,2,3,6,4,5,3,5,5,3,5,2,41,3
2020-02-03 14:31:18,2020-02-03 14:38:05,0,76.181.6.242,100,406,1,2020-02-03 14:38:05,R_vxzd6gPh30BOEV3,,,,,39.5326995849609375,-87.32550048828125,anonymous,EN,2,4,2,6,2,6,3,6,6,2,6,2,2,6,3,5,5,2,3,6,2,6,2,6,2,6,2,3,6,2,6,2,3,6,2,5,2,35,3
2020-02-03 14:36:32,2020-02-03 14:40:18,0,74.96.115.62,100,225,1,2020-02-03 14:40:18,R_3kzhXB0VXVoGzOi,,,,,38.6273040771484375,-76.98590087890625,anonymous,EN,2,4,2,6,2,6,2,6,6,2,6,2,2,6,2,6,6,2,3,6,2,6,2,6,2,6,2,3,3,2,3,2,2,6,2,6,1,26,1
2020-02-03 14:33:47,2020-02-03 14:42:12,0,71.186.238.216,100,504,1,2020-02-03 14:42:12,R_e8wyN4wwtfER8JP,,,,,43.16119384765625,-78.69460296630859375,anonymous,EN,2,4,1,7,1,7,1,7,7,1,4,1,1,4,1,7,7,1,3,7,1,7,1,7,1,7,1,3,1,1,1,1,1,7,1,7,2,34,3
2020-02-03 14:42:08,2020-02-03 14:46:26,0,73.227.222.115,100,258,1,2020-02-03 14:46:27,R_1dKNhtWOd5DBLKN,,,,,41.2776031494140625,-72.81150054931640625,anonymous,EN,2,4,1,7,1,7,3,7,7,1,7,1,1,7,1,7,7,1,3,7,1,7,1,7,1,7,1,3,6,2,6,2,1,7,1,7,1,34,3
2020-02-03 13:47:26,2020-02-03 14:47:11,0,185.244.215.204,100,3584,1,2020-02-03 14:47:11,R_1qVawKMBuhHb41g,,,,,40.7156982421875,-74,anonymous,EN,2,4,7,3,7,5,1,5,7,1,1,7,6,1,3,5,3,1,3,3,2,1,1,7,2,2,7,3,1,1,4,2,1,2,7,2,2,40,3
2020-02-03 14:30:18,2020-02-03 14:53:04,0,47.149.134.147,100,1366,1,2020-02-03 14:53:05,R_AKVQxYA8SLsjDRT,,,,,33.8459930419921875,-118.3455963134765625,anonymous,EN,2,4,2,1,2,1,3,7,7,3,7,2,2,7,1,7,7,1,3,6,2,7,2,7,1,7,1,3,4,2,4,2,1,7,1,6,2,31,1
2020-02-03 14:48:44,2020-02-03 14:53:36,0,75.191.15.75,100,292,1,2020-02-03 14:53:37,R_25XZU6gZRTF5oSZ,,,,,36.2960052490234375,-76.243499755859375,anonymous,EN,2,4,6,6,2,6,2,6,6,2,4,2,2,6,2,3,2,2,3,6,2,4,2,6,2,6,2,3,2,4,2,4,2,6,2,6,1,22,3
2020-02-03 14:10:57,2020-02-03 14:56:42,0,107.77.232.129,100,2744,1,2020-02-03 14:56:42,R_eeY8bEnBHFrIvzb,,,,,33.748504638671875,-84.3871002197265625,anonymous,EN,2,4,1,7,1,7,1,7,7,1,7,1,1,1,1,7,2,1,3,7,1,7,1,7,1,7,1,3,3,1,4,1,1,7,1,7,2,27,3
2020-02-03 14:54:01,2020-02-03 14:59:11,0,71.227.90.0,100,309,1,2020-02-03 14:59:11,R_12zOR2LQooVLape,,,,,42.4658050537109375,-82.90329742431640625,anonymous,EN,2,4,1,7,1,7,6,7,7,1,7,1,1,7,1,7,7,1,3,7,1,7,1,7,1,7,1,3,1,1,1,1,1,7,1,7,1,34,3
2020-02-03 14:54:39,2020-02-03 15:00:10,0,98.200.189.160,100,330,1,2020-02-03 15:00:11,R_1Igbfi4WKHLpcLn,,,,,29.738800048828125,-95.830902099609375,anonymous,EN,2,4,1,7,1,7,1,7,7,1,7,1,1,7,1,7,7,1,3,7,1,7,1,7,1,7,1,3,1,2,1,3,1,7,1,7,2,32,3
2020-02-03 13:59:54,2020-02-03 15:10:29,0,185.232.22.109,100,4234,1,2020-02-03 15:10:30,R_UDWaYfYEY3G4Q25,,,,,40.7156982421875,-74,anonymous,EN,2,4,1,3,2,3,3,4,6,1,5,3,5,2,2,2,2,3,3,1,6,3,5,1,5,1,1,3,4,5,7,3,1,1,5,7,2,30,3
2020-02-03 15:10:41,2020-02-03 15:16:12,0,173.91.109.51,100,330,1,2020-02-03 15:16:12,R_3fIbNNeSvxpSW3h,,,,,41.43609619140625,-82.13500213623046875,anonymous,EN,2,4,2,7,2,7,2,7,7,2,6,2,2,6,2,6,6,2,3,6,2,6,2,7,2,7,2,3,2,3,2,3,2,7,2,7,1,35,3
2020-02-03 15:11:39,2020-02-03 15:20:10,0,104.156.125.63,100,510,1,2020-02-03 15:20:10,R_2AMC4gTsGKVZIUw,,,,,37.6609954833984375,-82.76360321044921875,anonymous,EN,2,4,2,6,2,6,2,6,6,2,6,2,2,6,2,6,6,2,3,6,2,6,2,6,2,6,2,3,6,2,6,2,5,6,5,6,1,32,3
2020-02-03 15:28:42,2020-02-03 15:34:07,0,70.178.49.170,100,324,1,2020-02-03 15:34:07,R_1I748aqxvRMRYEU,,,,,36.1804962158203125,-94.53040313720703125,anonymous,EN,2,4,6,6,2,6,2,6,5,1,5,2,3,6,4,3,4,2,3,6,6,5,2,6,2,6,2,3,2,2,2,1,2,6,2,5,2,30,5
2020-02-03 15:52:23,2020-02-03 15:58:35,0,108.219.12.36,100,372,1,2020-02-03 15:58:38,R_xGFe4yo37A1R8d3,,,,,36.9102020263671875,-121.75640106201171875,anonymous,EN,2,4,1,7,1,7,1,7,7,1,7,1,1,7,1,7,7,1,3,1,1,7,1,7,1,7,1,3,5,3,3,3,2,7,2,7,2,38,3
2020-02-03 13:08:02,2020-02-03 13:13:59,0,69.254.67.230,98,356,0,2020-02-10 13:14:00,R_6XqVMichotHS2Dn,,,,,,,anonymous,EN,2,4,2,2,2,6,2,6,6,2,6,2,2,6,2,6,6,2,3,6,2,6,2,6,6,6,2,3,6,2,6,2,2,6,2,6,1,51,3
2020-02-03 13:11:14,2020-02-03 13:15:37,0,97.81.161.237,98,263,0,2020-02-10 13:15:47,R_2ALPEFcVGkwEVQs,,,,,,,anonymous,EN,2,4,1,7,1,7,1,7,7,1,7,1,1,7,1,7,7,1,3,7,1,7,1,7,1,7,1,3,7,1,7,1,1,7,1,7,1,52,3
2020-02-03 13:18:10,2020-02-03 13:18:41,0,68.100.174.128,90,31,0,2020-02-10 13:18:42,R_3Q5S7kjkRG1YV5D,,,,,,,anonymous,EN,2,4,7,1,1,2,7,2,7,1,6,2,1,2,4,1,1,5,1,6,3,1,3,2,6,2,1,1,7,1,1,2,2,1,7,2,,,
2020-02-03 13:21:05,2020-02-03 13:31:33,0,70.171.199.69,98,628,0,2020-02-10 13:31:42,R_1BWoPMKQrHi0tws,,,,,,,anonymous,EN,2,4,1,7,1,7,1,7,7,1,6,1,1,6,1,7,7,1,3,7,1,7,1,7,1,7,1,3,6,1,5,1,5,5,1,5,2,40,3
2020-02-03 13:29:58,2020-02-03 13:33:36,0,174.87.12.39,98,217,0,2020-02-10 13:33:37,R_b3O48YZlTycCEGl,,,,,,,anonymous,EN,2,4,1,7,1,7,1,7,7,1,7,1,1,7,1,7,7,1,3,7,1,7,1,7,1,7,1,3,1,5,1,6,2,7,2,7,3,29,5
2020-02-03 13:30:39,2020-02-03 13:34:20,0,68.48.126.21,98,221,0,2020-02-10 13:34:38,R_1hQ43e3hxSh4Olr,,,,,,,anonymous,EN,2,4,4,6,2,7,5,6,7,5,5,4,3,6,2,5,4,1,3,5,4,6,3,5,3,6,2,3,4,3,3,2,2,7,3,7,1,26,
2020-02-03 13:45:23,2020-02-03 13:52:52,0,24.35.60.167,98,448,0,2020-02-10 13:52:55,R_2z8s2QF1LQ3mNmc,,,,,,,anonymous,EN,2,4,2,7,1,7,1,7,7,1,6,2,2,6,1,7,7,1,3,6,2,6,2,7,1,7,1,3,1,1,1,2,1,7,1,7,1,35,3
2020-02-03 13:46:42,2020-02-03 13:54:08,0,107.77.234.24,98,446,0,2020-02-10 13:54:21,R_31Ykh2nBY9DkuDF,,,,,,,anonymous,EN,2,4,1,2,1,7,1,7,7,1,7,1,1,6,1,1,7,1,3,7,1,7,1,7,1,7,1,3,1,1,1,1,1,7,1,7,2,31,1
2020-02-03 14:00:25,2020-02-03 14:05:24,0,70.177.71.8,98,298,0,2020-02-10 14:05:27,R_2uUm2b6EPxK0sxj,,,,,,,anonymous,EN,2,4,1,7,1,7,2,7,7,2,7,1,1,7,1,7,7,1,3,7,1,7,1,7,1,7,1,3,7,2,7,1,2,7,2,7,1,26,3
2020-02-03 14:03:32,2020-02-03 14:07:06,0,67.186.29.207,98,213,0,2020-02-10 14:07:10,R_2uqBXfPy1STLl8R,,,,,,,anonymous,EN,2,4,1,7,1,7,1,7,7,1,7,1,1,6,1,4,4,1,3,7,1,7,1,4,2,4,2,3,4,1,3,1,4,7,7,7,2,25,3
